-20167.93898,-5435.084341,-4657.158058,-4395.25816,-5393.654763,-4649.938508,-4463.6716,-4083.700345,-6298.850566,-4058.910518,Healthy
-21784.67893,-5610.807673,-5031.229289,-4667.101087,-5717.322999,-4924.065097,-4772.506218,-4332.875579,-6821.120767,-4075.130296,Healthy
-21961.81587,-6469.362811,-4900.367345,-5056.969573,-7619.36829,-7056.834236,-6758.043822,-4984.854039,-8202.832748,-4795.376,Healthy
-21702.1968,-6308.560221,-5674.216817,-5129.87951,-5869.346816,-5586.849601,-5408.240526,-4430.469172,-7203.403085,-4450.489522,Healthy
-22975.04052,-5187.290981,-4681.263863,-4317.671695,-5248.248201,-4420.854415,-4267.212495,-3979.541184,-6437.803647,-3838.470373,Healthy
-21543.88118,-5272.590674,-4558.026868,-4206.01485,-5239.197348,-4414.366992,-4267.797235,-3861.72998,-6206.468946,-3808.573945,Healthy
-21500.44419,-5089.137166,-4443.055257,-4220.124092,-5047.796733,-4207.084986,-4131.149209,-3703.912824,-6365.90641,-3809.789644,Healthy
-20703.90662,-5400.568348,-4525.377457,-4306.085047,-5185.393979,-4831.849072,-4209.966752,-3719.239362,-6672.900847,-3548.859172,Healthy
-22025.55398,-5660.17949,-4778.086903,-4344.464898,-5410.342624,-4891.003348,-4740.153547,-3986.576164,-6865.987849,-4215.767678,Healthy
-22106.17441,-5441.220314,-4891.044122,-4432.482095,-5466.287401,-4710.439494,-4393.342265,-4132.741537,-6393.694644,-4032.325536,Healthy
-20304.39185,-5157.677833,-4445.737003,-4311.706563,-5116.515695,-4338.477875,-4250.084582,-3903.22753,-5985.399863,-3877.173163,Healthy
-20908.13522,-5263.754918,-4521.302912,-4229.872849,-5110.599488,-4501.276164,-4181.825986,-3825.845296,-6166.458162,-3762.542347,Healthy
-20722.77406,-4968.006138,-4524.774298,-4226.10224,-5320.224384,-4338.983063,-4235.365202,-3840.933813,-6239.957386,-3791.521643,Healthy
-21525.56445,-5657.72255,-4883.523379,-5328.343322,-5552.390257,-5069.02326,-4316.743443,-3801.778816,-7524.13009,-3880.661775,Healthy
-21976.13673,-4997.616032,-4777.344595,-4935.013853,-6011.192597,-4733.05463,-4480.271978,-4049.14946,-6432.916547,-4249.672747,Healthy
-21893.93561,-5589.762392,-4604.436459,-4218.881814,-5151.383109,-4529.037285,-4481.180969,-3752.051825,-6541.904896,-3780.246732,Healthy
-21883.27215,-5190.904989,-4459.571989,-4340.210109,-5253.805304,-4345.698723,-4297.317441,-3858.864296,-6487.58334,-3887.657338,Healthy
-23050.80106,-5162.451106,-4365.507287,-4155.925712,-5234.662867,-4269.750648,-4130.201476,-3713.508957,-6475.322633,-3647.682826,Healthy
-22413.27437,-5046.168792,-4477.914915,-4149.887265,-5070.169522,-4324.844291,-4066.119566,-3844.989504,-6150.297197,-3726.32789,Healthy
-23824.40739,-5045.500335,-4494.288164,-4123.202378,-5287.621288,-4326.389698,-4019.474021,-3770.638396,-6145.007206,-3642.87329,Healthy
-22641.10758,-4882.569541,-4377.121507,-3831.14363,-5294.423284,-4602.896052,-4227.598382,-3752.911597,-6368.867483,-3608.519822,Healthy
-22869.39228,-5838.70406,-4708.384662,-4616.691373,-5984.95116,-5202.916359,-4723.639156,-3888.972792,-7324.793257,-3767.868547,Healthy
-22192.65634,-5357.741595,-4812.945494,-4455.493934,-5084.040801,-4206.346841,-4071.509755,-3777.011958,-5964.668941,-3749.746061,Healthy
-23247.47368,-5118.261387,-4228.726446,-4024.298347,-5202.627517,-4395.400443,-4085.692041,-3711.355079,-6353.026743,-3586.500143,Healthy
-22469.3296,-5720.780446,-5268.264501,-4558.387337,-5376.269609,-4801.770326,-4235.158015,-3915.817969,-7116.417301,-3809.141782,Healthy
-23135.50615,-5771.062833,-4496.304038,-4286.956294,-5908.2058,-4970.787736,-4826.870957,-3921.258473,-6849.4695,-4132.815078,Healthy
-22146.9756,-5504.579834,-4851.082011,-4692.440495,-5412.881299,-4711.083545,-4479.859168,-4136.08573,-6583.615667,-4395.489835,Healthy
-23710.97694,-11199.6979,-8032.859944,-4782.607447,-10911.76271,-13399.31773,-12232.09031,-4437.645827,-13376.44091,-5006.884629,Healthy
-22971.73631,-5684.236922,-4950.622091,-4701.969121,-6761.067232,-5858.299777,-6398.402737,-6246.003752,-7330.174897,-5544.84187,Healthy
-23890.74982,-13097.52087,-9600.504594,-6075.067223,-8479.751719,-11352.58364,-11794.30901,-5331.823214,-13662.25425,-5006.307934,Healthy
-23509.80662,-5551.597354,-5116.042527,-4745.792885,-5456.079807,-4572.593942,-4549.073956,-4170.434936,-6707.30364,-4121.423462,Healthy
-22462.37699,-5561.232227,-4860.235109,-4514.508352,-5274.022415,-4517.419807,-4393.061699,-4016.832211,-6602.262552,-3894.771346,Healthy
-23897.03896,-5494.383697,-4705.427113,-4555.466416,-5311.471549,-4562.269865,-4363.161427,-4026.916284,-6589.929712,-3969.282427,Healthy
-23475.82511,-5217.86988,-4756.743097,-4203.838998,-5277.380963,-4481.463006,-4240.401634,-3946.131425,-6589.171575,-3760.495179,Healthy
-24050.56155,-5304.398887,-4451.052474,-4220.649266,-5320.222077,-4451.847598,-4253.270601,-3849.399641,-6455.132953,-3772.220212,Healthy
-22193.03239,-5281.728949,-4558.656935,-4180.514525,-5096.857837,-4411.658311,-4228.981028,-3802.014814,-6501.707342,-3740.352235,Healthy
-23856.24575,-6807.681829,-5400.559526,-5629.384484,-6720.452661,-6094.184459,-5461.739154,-4458.396889,-8253.312327,-4777.382231,Healthy
-23467.51277,-6064.036071,-5669.761591,-5279.253337,-6757.691278,-5659.192131,-6318.86988,-5912.042618,-7528.652202,-4907.57049,Healthy
-23375.30662,-5800.897698,-5314.260512,-4725.114842,-5579.825325,-4946.578232,-4804.455061,-4425.311173,-6911.583464,-4174.056948,Healthy
-23335.06011,-5591.999543,-4915.854335,-4513.70028,-5599.067863,-4854.371488,-4601.59638,-4154.416121,-6709.436975,-4879.788218,Healthy
-23209.6807,-5680.480893,-4959.936249,-4589.313129,-5826.50012,-4749.883992,-4630.045262,-4114.290112,-6863.069184,-4039.387927,Healthy
-24165.40845,-5276.595764,-4630.103001,-4284.844661,-5287.120624,-4508.817447,-4238.410186,-3928.893566,-6340.452541,-3973.552282,Healthy
-20417.87961,-5317.686978,-4517.588696,-4253.522974,-5475.823368,-4762.403788,-5020.702661,-4756.514644,-6537.717341,-4138.668347,Healthy
-21515.68227,-5235.514675,-4568.39168,-4107.721206,-5209.18169,-4538.815303,-4152.632494,-3870.908732,-6294.726306,-3764.577337,Healthy
-22094.14412,-5321.294272,-4594.042035,-4308.481742,-5132.257593,-4523.962077,-4158.403442,-3916.734766,-6215.835006,-4405.652538,Healthy
-22617.2751,-5953.85139,-4997.444247,-4572.64576,-5672.202102,-4908.457217,-4730.747557,-4094.545167,-7157.270403,-3876.017972,Healthy
-22331.28229,-5404.165658,-4893.711478,-4478.172057,-5402.362482,-4537.323788,-4314.060285,-4050.113537,-6708.689213,-3839.386996,Healthy
-22330.21896,-5413.176069,-4670.009823,-4272.745283,-5278.859063,-4583.18486,-4325.45482,-3935.982856,-6596.109667,-4045.123884,Healthy
-21732.22774,-5559.177256,-4966.306544,-4512.481394,-5652.335861,-4960.094072,-4511.865338,-4284.958224,-6823.57829,-4113.849642,Healthy
-23261.99326,-5500.399291,-4570.775057,-4291.210468,-5462.683187,-4456.886241,-4374.585096,-3835.298107,-6721.428105,-4039.947263,Healthy
-20564.35924,-5723.502916,-4919.608241,-4656.482035,-5452.129147,-4791.3738,-4546.785241,-4209.592341,-6639.375216,-4128.672765,Healthy
-22655.81664,-5614.640741,-5087.843796,-4528.459118,-5626.080599,-4764.79348,-4567.541568,-4121.662054,-6767.928645,-4048.737566,Healthy
-23047.96831,-5893.068097,-4752.367627,-4592.560739,-5309.41883,-4650.485895,-4393.888144,-4252.662421,-6519.691872,-4613.929508,Healthy
-24001.35466,-5323.364678,-4742.436842,-4214.832194,-5206.516704,-4477.031433,-4187.541381,-4058.460075,-6561.714641,-3795.20386,Healthy
-22652.16369,-5521.202235,-4953.170179,-4524.221936,-5378.597582,-4681.65252,-4428.399142,-4125.582184,-6666.766689,-4080.144227,Healthy
-21837.80875,-5419.467939,-4599.733285,-4428.980398,-5150.260654,-4435.879548,-4235.449566,-3913.949205,-6435.855727,-3815.093402,Healthy
-22159.0006,-5432.713011,-4765.313296,-4524.13063,-5589.284784,-4603.261106,-4394.113614,-3918.576127,-6592.028661,-3951.316008,Healthy
-24526.13864,-5603.059964,-4743.733918,-4298.657021,-5905.02513,-4877.373172,-4619.026544,-3998.61158,-6921.446654,-3866.490761,Healthy
-23439.99845,-5854.470388,-4756.724588,-4522.4422,-5288.110331,-4676.163665,-4452.98255,-4050.549243,-6731.276814,-4164.37981,Healthy
-23208.75392,-5512.747588,-4735.13364,-4579.486778,-5441.31216,-4631.001301,-4344.439188,-4119.105837,-6450.075086,-4136.894153,Healthy
-23002.42029,-5620.679366,-4840.051941,-4279.775885,-5709.18562,-5016.076173,-4516.693727,-4049.060767,-6957.557559,-3889.901408,Healthy
-23426.00388,-5457.445964,-4835.442796,-4482.922777,-5360.400848,-4503.215108,-4375.678475,-4010.961509,-6597.023353,-4369.580427,Healthy
-23405.882,-5229.013665,-4664.655942,-4109.235799,-5261.914641,-4513.029549,-4158.738572,-3869.232152,-6460.390819,-3651.968856,Healthy
-23529.04397,-6502.243237,-5128.498252,-5547.55056,-6388.543285,-5796.602503,-5243.298942,-4027.369856,-7805.510693,-4153.889183,Healthy
-23659.41856,-6334.70155,-5576.984173,-5424.944865,-5840.906344,-5181.274026,-4929.286667,-4613.927799,-7066.561379,-4787.458857,Healthy
-23483.53129,-5640.362765,-4660.470017,-4463.30053,-5497.426317,-4811.877984,-4405.840895,-4016.641818,-6537.346654,-3907.685997,Healthy
-23468.96324,-5723.77926,-5127.402422,-4660.029499,-5815.132781,-4853.42812,-4740.448428,-4305.216378,-7100.753857,-4155.703344,Healthy
-22893.27856,-5800.395799,-5149.54642,-4895.921895,-5781.044938,-4980.710232,-4721.538756,-4370.516039,-6939.443322,-4271.6751,Healthy
-22597.81757,-5292.108484,-4673.500772,-4307.879448,-5426.686744,-4475.176055,-4327.333067,-3917.595213,-6620.999855,-3817.452225,Healthy
-22981.18472,-5697.395308,-4884.587674,-4521.644043,-5428.456099,-4710.021959,-4507.040895,-4413.170557,-6710.240775,-3967.872045,Healthy
-22933.71114,-5541.743377,-4576.302121,-4327.2823,-5357.229465,-4494.393593,-4344.482132,-3911.801143,-6636.117458,-3630.665181,Healthy
-21792.44105,-5526.54984,-4757.865044,-4403.844818,-6077.178078,-5124.230672,-4825.318914,-4550.111386,-7380.584772,-3838.852885,Healthy
-22979.61453,-6756.165769,-5301.581366,-5130.125333,-10596.65073,-7913.010984,-8278.589517,-6041.448187,-8801.508506,-5188.905049,Healthy
-22415.51189,-7195.819588,-6628.286901,-5944.665149,-5899.123629,-5525.340332,-5617.93286,-5111.662697,-7778.036757,-5342.258592,Healthy
-23549.33409,-5791.271197,-5185.52848,-4625.160969,-5829.12056,-5205.477808,-4820.532114,-4533.243343,-6798.872342,-4351.252068,Healthy
-22844.03778,-5513.671171,-4765.335104,-4314.35025,-6338.001758,-5360.46568,-5702.60995,-5276.346018,-7298.404356,-4380.278417,Healthy
-21831.13064,-6847.34674,-5417.7543,-4618.08923,-6102.765839,-6186.534369,-5630.069409,-4287.683366,-7393.220224,-4153.310947,Healthy
-23649.19929,-5673.321015,-5142.299733,-5222.418233,-5608.635334,-4954.817082,-4561.953522,-4309.333408,-6806.628272,-4224.327938,Healthy
-24535.19959,-5791.602484,-5119.115159,-4787.465778,-5839.634363,-5104.050079,-4624.876146,-4435.678155,-6789.936441,-4305.928892,Healthy
-21187.69507,-5519.399092,-4713.852532,-4349.417412,-5450.39985,-4590.038329,-4498.807735,-4111.663869,-6822.421462,-3958.557458,Healthy
-23318.36701,-5626.966241,-5045.763242,-4625.522302,-5565.725895,-5000.741643,-4729.055152,-4525.739497,-6562.853037,-4699.209656,Healthy
-22373.21455,-5666.981539,-5098.709617,-4679.903256,-6235.634678,-5115.054561,-4840.058196,-4346.460009,-7192.28177,-4415.800966,Healthy
-21698.21141,-5609.231214,-4715.065225,-4396.42517,-5159.969161,-4494.956266,-4381.485215,-4028.291681,-6703.200471,-3831.096237,Healthy
-20855.79619,-5571.889807,-4524.776437,-4298.602081,-5689.103647,-5188.158061,-4987.012617,-4661.507369,-6248.18896,-4209.198033,Healthy
-19668.02367,-7118.329918,-5222.567801,-4493.131687,-5016.326763,-5360.975688,-5372.553891,-3921.924078,-7163.48382,-3591.713273,Healthy
-22383.64469,-5293.705512,-4745.44652,-4235.316777,-5675.623493,-4554.849271,-4480.075217,-3822.230758,-6988.90836,-3764.366554,Healthy
-21308.87779,-5199.043561,-4334.997128,-4011.841701,-5071.680513,-4134.412783,-4111.004243,-3612.956018,-6491.656673,-3432.985164,Healthy
-20407.17027,-5502.932618,-4438.893203,-4227.753151,-5278.24653,-4503.290642,-4521.155542,-3834.724593,-6631.729546,-4357.241464,Healthy
-22365.04233,-5505.4501,-4677.7179,-5810.41542,-5535.246908,-4784.284142,-4683.917581,-4278.244607,-6721.502733,-4120.008027,Healthy
-20964.16474,-5417.328594,-4693.968953,-4102.514616,-5435.958237,-4669.492938,-4505.362445,-4590.468744,-6271.037792,-3747.219428,Healthy
-20695.1118,-5667.801009,-5153.701337,-4436.385748,-5419.214361,-4884.217948,-4675.354108,-4246.114574,-6661.857856,-3792.558902,Healthy
-21012.03682,-5297.09037,-4533.298639,-4058.921024,-4927.309553,-4498.349845,-4009.046658,-3944.747778,-6193.620226,-3879.421098,Healthy
-22688.99368,-5490.00359,-4692.361243,-4346.840857,-5475.784668,-4743.926251,-4428.131677,-4089.819573,-6729.184576,-3990.713627,Healthy
-22386.55512,-5351.343686,-4736.64071,-4199.710478,-5337.475043,-4651.541713,-4273.288616,-3925.613212,-6476.65221,-3891.683599,Healthy
-22839.23001,-5457.410988,-4918.477782,-4431.421133,-5556.38699,-4862.005982,-4537.538458,-4244.624337,-6753.102846,-4163.426973,Healthy
-21245.11485,-6388.884851,-5330.121758,-5296.416262,-5790.636548,-5065.395307,-4612.930535,-4223.143662,-7321.012153,-3847.382455,Healthy
-21305.73495,-5167.018926,-4655.025833,-4197.481179,-5222.393172,-4473.008945,-4192.21837,-3895.675491,-6439.623205,-3798.050222,Healthy
-22635.51443,-5146.837176,-4701.9066,-4104.936667,-5200.267226,-4407.473271,-4100.588023,-3890.790718,-6307.007514,-3645.026054,Healthy
-20176.91588,-5095.343848,-4450.113384,-4162.969817,-5076.830514,-4400.743611,-4119.064782,-3789.757216,-6281.849482,-3653.338228,Healthy
-22847.64159,-5905.919332,-5467.71131,-4767.584474,-5654.885852,-4883.097313,-4666.695087,-4352.960162,-6824.951147,-4145.269122,Healthy
-16797.51732,-13563.98044,-12992.22466,-13515.07582,-13319.738,-12670.06308,-13356.61507,-12870.81883,-12553.58202,-13252.91715,P1
-13705.83229,-9721.615238,-9045.180153,-9537.919949,-9695.54942,-9028.533414,-9456.682486,-8925.254468,-9413.992093,-9358.799228,P1
-15182.18854,-11723.00294,-11236.6376,-11630.15857,-11812.65012,-11343.29626,-11618.25129,-11325.371,-11251.54163,-11629.95564,P1
-15207.52476,-12813.60672,-13070.83153,-13125.32318,-13021.37001,-12690.96478,-12909.90546,-12843.638,-12269.41226,-13299.76794,P1
-13320.49902,-9384.314221,-9160.33288,-9029.576563,-9415.086912,-9041.15453,-9074.293277,-9057.731399,-9217.915586,-8951.853133,P1
-14863.00546,-12118.04507,-11783.4514,-11522.39067,-11675.65694,-12025.17022,-11612.38226,-11757.20803,-11222.95603,-12184.79517,P1
-15244.44249,-12963.77051,-12937.52337,-13055.4264,-13146.32698,-12975.54684,-13014.75645,-12853.23546,-12371.24354,-13065.56391,P1
-13696.1414,-9324.444368,-8681.657479,-9071.323216,-9280.203367,-8753.897508,-8930.929555,-8458.560099,-9162.895614,-8783.229261,P1
-15233.81164,-14302.03294,-14152.28119,-13839.76927,-13825.24517,-14328.20652,-14077.90509,-13851.52334,-13294.79219,-14047.57615,P1
-15045.51232,-12280.78962,-12299.07718,-12167.84063,-12357.80448,-11880.71266,-12165.74249,-11992.86663,-11824.83528,-12149.52883,P1
-13903.75287,-9269.334502,-9211.71195,-8816.689306,-9225.878623,-9126.175857,-8866.772814,-8862.927601,-9195.311769,-8865.536716,P1
-16186.12657,-14247.97074,-14165.4743,-13939.39443,-14107.25276,-13813.95613,-14113.39917,-13858.92808,-13646.7855,-14352.32356,P1
-16477.28478,-12173.49975,-12500.49711,-12645.91048,-12632.80484,-12272.25685,-12329.47837,-12346.33484,-12096.09321,-12795.28532,P1
-12976.23249,-8837.877928,-8910.921672,-8659.532884,-9061.790453,-8981.332916,-8573.022817,-8489.232197,-8960.804424,-9335.586835,P1
-17593.12356,-14481.26506,-13979.14443,-13305.00189,-13883.2459,-14464.00691,-14000.27252,-14046.38033,-13088.35572,-13930.96392,P1
-15621.19524,-13228.66226,-13008.41268,-13286.91751,-13359.42947,-13259.50335,-13170.63719,-13159.01936,-12688.90308,-14076.94087,P1
-14333.74803,-9852.892725,-9562.916166,-9587.938018,-9941.508304,-9169.4576,-9645.467782,-8979.904852,-10199.53454,-9026.260089,P1
-16211.36567,-12753.82848,-12743.96568,-12884.18941,-13012.33698,-12635.07526,-12835.63144,-12651.85253,-12333.29271,-13004.75227,P1
-17771.82091,-15201.45596,-15412.02259,-15250.45766,-15395.98904,-14837.12572,-15230.53662,-15256.8923,-14390.98432,-16257.39759,P1
-15864.90597,-10477.10956,-9837.843104,-9966.147811,-10576.12828,-9782.477428,-10037.76526,-9600.715433,-10303.71504,-9839.320255,P1
-13942.18133,-11537.55974,-11369.40874,-11121.64108,-11397.08577,-11532.42533,-11100.87089,-11084.44483,-10897.73945,-11699.0873,P1
-18409.88657,-18567.12329,-17561.00684,-17809.38549,-17999.72873,-18096.42281,-18140.08265,-17360.25576,-17432.22082,-18210.28307,P1
-12586.14003,-9627.838181,-9537.597874,-9247.178233,-9624.113824,-9524.78217,-9474.410187,-8865.628357,-9811.976553,-9071.291795,P1
-14282.91475,-8851.105617,-8627.325127,-8786.782592,-9279.856027,-8597.739794,-8668.861037,-8358.727085,-9090.248203,-8414.673826,P1
-17389.01214,-14555.52302,-14272.15354,-14419.58169,-14713.3677,-14330.97169,-14600.16566,-14345.0063,-13785.97396,-15015.40411,P1
-16475.15357,-15024.65209,-14619.28,-14524.34628,-14500.51519,-14153.72394,-14607.2153,-14353.70498,-14040.14285,-14815.70317,P1
-15476.34736,-10297.43711,-9499.217852,-9837.148173,-9799.080414,-9603.531048,-9640.236165,-9410.939862,-9611.523215,-9611.546338,P1
-14462.89247,-11903.94084,-12826.80519,-12874.34776,-10830.34452,-11297.35107,-11284.09638,-12155.09835,-11042.10713,-12455.66123,P1
-18316.31241,-16113.94911,-16540.74028,-16943.49862,-16724.28364,-16946.86609,-16777.19007,-17141.05354,-15530.72957,-17959.29666,P1
-14983.31412,-12423.43893,-12006.8002,-12359.73647,-11582.63843,-11589.8294,-11712.17396,-11854.20656,-11464.4395,-12510.34437,P1
-14640.05785,-9120.62588,-8733.009248,-8796.502052,-9239.508562,-8675.82468,-8759.794327,-8624.42679,-8952.869271,-8649.637513,P1
-14679.82443,-11704.09835,-11544.44626,-11297.1032,-11381.07028,-11700.83854,-11292.45014,-11509.73552,-10837.75556,-11962.44429,P1
-18724.84649,-17564.82222,-17523.6413,-17474.13313,-17954.67299,-17477.59977,-17795.52498,-18320.27881,-16635.45478,-17917.66319,P1
-13626.64881,-12162.56611,-10700.67973,-10499.94622,-15466.76666,-13795.61531,-12378.89243,-11158.67051,-11604.96998,-10942.0972,P1
-14944.77865,-9293.043192,-9169.283709,-9008.53873,-9427.940093,-9038.650024,-8911.011636,-8775.887494,-9580.395308,-8732.935274,P1
-16708.21476,-13681.17716,-13783.44026,-13957.06095,-13723.81116,-13635.08297,-13710.33492,-13786.97752,-12922.19877,-14397.94733,P1
-16268.35252,-15057.12971,-15314.29216,-15591.53279,-15524.02822,-15091.59929,-15412.99255,-15170.78668,-14527.83565,-15871.83784,P1
-13586.43673,-10099.43896,-10863.85954,-10316.17032,-10543.14799,-10512.74498,-10035.23215,-10396.67223,-10357.69368,-10238.36997,P1
-15504.40346,-10227.64687,-9980.566917,-9806.645112,-10139.26141,-9927.392271,-9742.575851,-9548.31057,-9915.123292,-9565.472575,P1
-17241.74466,-14103.83359,-14683.83572,-14237.40488,-14516.17762,-14683.13361,-14211.24487,-14733.15969,-13575.30231,-14906.04721,P1
-17487.38382,-16052.18431,-15936.04291,-16427.76692,-15939.42042,-15815.30913,-16097.66145,-16230.23477,-14890.61415,-16912.33079,P1
-14848.59212,-10809.98441,-10577.23517,-10605.69854,-11030.17692,-10697.54756,-10574.42768,-10395.40422,-10710.80333,-10568.99913,P1
-15141.80458,-9735.68924,-9648.169324,-9583.855608,-9915.798338,-9566.152291,-9432.717941,-9278.730603,-9898.684561,-9299.487784,P1
-16433.85427,-12966.92978,-13212.75817,-13338.81534,-13481.03653,-13327.26868,-13405.74208,-13519.8113,-12631.48419,-13809.15303,P1
-17093.70709,-15063.45274,-14710.59289,-15427.80085,-15122.33172,-14614.99824,-15171.19045,-14720.98192,-14300.91764,-15611.7158,P1
-17264.14619,-12943.64497,-12184.76539,-12374.08383,-12121.65033,-11919.47444,-12040.98507,-12058.17487,-11715.4321,-12249.78912,P1
-14754.93948,-9996.054229,-9572.233089,-9462.367408,-9578.223731,-9630.967603,-9251.817318,-9233.694115,-9513.155771,-9528.715694,P1
-16192.93694,-12247.15841,-12395.54801,-12105.44818,-12444.36326,-12612.53584,-12089.62409,-12324.49872,-11933.69334,-12659.17972,P1
-17195.46392,-14730.54558,-15137.40967,-15016.71676,-15020.659,-15198.9223,-14843.00003,-15300.83963,-13915.99907,-15759.7167,P1
-15473.72395,-13261.60537,-12754.71189,-12892.18734,-12849.00221,-12826.25265,-12810.30136,-12845.91578,-12275.79519,-13941.73807,P1
-14033.04142,-9122.82332,-9424.861252,-9141.17402,-9685.980107,-9333.423955,-9088.782546,-8906.386181,-9420.533677,-9006.513479,P1
-15730.35148,-10888.85037,-11251.35697,-10532.89296,-11042.53925,-11190.65895,-10538.20418,-10953.55171,-10905.73183,-10756.48641,P1
-17603.0142,-15405.28369,-15028.79859,-15336.07652,-15069.16102,-15187.91778,-15148.452,-15395.10521,-14135.72067,-15903.48929,P1
-17011.79082,-14945.17864,-14331.22534,-15151.91329,-14717.16212,-14227.18606,-14899.3581,-14557.22467,-13870.80185,-15666.95551,P1
-14221.17005,-11047.6895,-10930.38003,-10578.57198,-10584.46968,-11038.02456,-9941.394117,-10128.69724,-10698.75834,-10595.11553,P1
-15421.06345,-9900.99646,-10353.32747,-9928.8299,-10541.26863,-10587.26669,-9856.040323,-10066.9235,-10495.68111,-10461.15344,P1
-16905.12474,-14268.40075,-13935.61167,-14875.53888,-14703.21671,-13660.92952,-14170.60548,-12965.65389,-14741.0682,-13881.58427,P1
-17224.93656,-14901.73133,-15010.97654,-15529.61463,-15266.04186,-14896.21223,-15196.13399,-14899.52324,-14376.98725,-16100.86132,P1
-14384.43022,-11324.2642,-12088.52731,-11683.51695,-11730.83698,-11397.57285,-11278.18468,-11522.48032,-11436.58572,-13580.04116,P1
-15263.99612,-10097.34152,-9702.011845,-9602.25345,-9879.272407,-9752.954222,-9615.375632,-9215.419393,-10005.53525,-9286.737184,P1
-16211.26456,-11593.05274,-11453.41173,-11257.5319,-11694.74582,-11603.58728,-11316.47444,-11415.72089,-11304.23491,-11571.59944,P1
-15533.12327,-13060.96953,-13300.07268,-13502.23381,-13563.74259,-13375.75116,-13387.44453,-13363.63033,-12738.50453,-14155.00353,P1
-16471.04757,-14326.78132,-13624.87695,-14273.93729,-14252.85366,-13320.11091,-14306.70966,-13556.91467,-13720.88031,-14564.85242,P1
-16060.51247,-11403.13692,-11283.66934,-11133.03669,-11266.74736,-11071.85943,-10900.40735,-10948.08245,-11051.80947,-10905.44798,P1
-15950.4875,-10621.62674,-10355.36794,-10050.00859,-10489.56632,-10393.80569,-10087.02271,-9980.5631,-10494.01492,-9941.994832,P1
-16508.18255,-12240.68765,-12973.56298,-12404.30771,-12491.84875,-12667.50265,-12129.09136,-12508.32196,-12128.05463,-12965.78801,P1
-16463.17368,-14668.17331,-14483.92826,-15330.05754,-13224.12724,-14138.903,-14119.40686,-14027.95393,-13273.63346,-14528.752,P1
-16103.14292,-13996.60989,-14208.4485,-14162.7868,-13846.87607,-13942.57648,-13844.02598,-14260.32421,-13621.43601,-14990.68638,P1
-15735.2083,-11342.51727,-10997.97176,-11278.20452,-11256.37691,-10662.11953,-11030.46049,-10400.66727,-11146.55306,-11352.24663,P1
-16242.0319,-11434.29135,-11276.95956,-10977.58391,-11314.58125,-11054.9831,-11082.17788,-10709.25514,-11365.74559,-10990.27093,P1
-16380.35707,-12307.7277,-12849.32478,-12906.32997,-13291.0225,-12850.25884,-12878.2248,-12777.4868,-12778.88821,-13126.52309,P1
-17216.34432,-14299.54954,-13506.24625,-13868.21416,-13933.30377,-13650.05066,-13914.47928,-13485.74423,-13293.66708,-14496.99104,P1
-16536.63848,-13668.46917,-14027.7575,-13724.82234,-13231.42836,-13544.30012,-13272.8041,-14152.22497,-12805.29174,-14544.54349,P1
-15651.26433,-11536.46171,-10694.6265,-10843.72259,-10602.36305,-10463.19542,-10477.82335,-10436.40487,-10275.28918,-10356.4721,P1
-16606.20599,-11113.09793,-10203.91306,-10500.81108,-10533.38991,-10198.10652,-10237.24535,-10230.28363,-10124.59803,-10358.92821,P1
-17767.45994,-14396.33552,-13486.90802,-13521.43626,-13645.97472,-13578.38915,-13684.03618,-13599.04936,-13225.26602,-14054.5801,P1
-16437.59909,-13905.68005,-13943.18392,-13711.11661,-13371.12186,-13768.41965,-13402.09549,-14017.05192,-12676.12438,-14152.7832,P1
-16376.62314,-13471.64067,-13309.83737,-13393.88323,-13138.32052,-13128.80787,-13221.74462,-13297.89779,-12649.03483,-13996.23741,P1
-16830.00303,-11435.05709,-11054.28054,-11295.18488,-11313.12377,-10688.82843,-10998.73733,-10575.31327,-11027.11957,-10794.54256,P1
-17780.67489,-11295.94198,-10382.95385,-10177.95343,-10580.23105,-10468.94004,-10124.44033,-10084.87884,-10414.73279,-10053.16164,P1
-17314.45586,-14015.74705,-13777.22923,-13679.69805,-14532.05802,-14490.30203,-14065.46178,-13982.65898,-13549.20105,-14430.02663,P1
-17430.65646,-12750.33091,-12373.53001,-12976.90475,-13094.90391,-12316.00412,-12853.61727,-12506.88448,-12297.1893,-13127.42901,P1
-16462.0557,-14124.93721,-13972.54848,-14622.71805,-14172.12714,-14112.61237,-14010.94122,-14013.29042,-13732.82262,-15132.33362,P1
-16660.66453,-11066.95783,-11030.37182,-10437.34338,-10692.70122,-10571.83503,-10246.29354,-10430.71286,-10474.08765,-10147.87195,P1
-18135.15497,-11730.827,-10979.13795,-11100.10449,-11298.86457,-10972.69692,-11083.34644,-10965.67399,-11169.24245,-11071.72203,P1
-18724.19428,-14080.49178,-14213.74876,-13770.45661,-13887.72245,-14387.52467,-14134.89316,-14973.78723,-13107.50988,-14606.56917,P1
-16700.33231,-13958.04408,-13063.99614,-13286.77355,-13703.66183,-13435.61088,-14267.96041,-12573.30325,-13709.36287,-13275.97817,P1
-16096.32758,-13771.12979,-13739.81415,-13958.67274,-14226.28852,-13810.15756,-14235.04697,-13710.74622,-14001.71914,-14679.6598,P1
-17687.61725,-11828.30746,-11874.54164,-11726.56246,-11912.53705,-11735.14726,-11344.27286,-11357.63238,-11626.55602,-11544.72081,P1
-16978.77275,-10875.22983,-10711.94803,-10213.9462,-10547.03279,-10560.77011,-10118.13865,-10309.93858,-10499.86939,-10075.95054,P1
-16815.08794,-13167.13406,-12785.00142,-13047.03641,-13237.44127,-12261.07173,-13440.69738,-12416.59483,-13074.8488,-12915.11319,P1
-15920.76689,-12257.26669,-12455.87798,-12475.86342,-12361.90003,-12187.65886,-12174.87987,-12274.92978,-11793.61649,-12651.63838,P1
-17140.2175,-15032.22482,-14476.81903,-13786.34298,-15354.4918,-14916.57248,-14390.00958,-14420.94556,-13787.62673,-14787.86707,P1
-15684.08828,-11147.27588,-10944.16155,-10602.6629,-11071.68856,-11062.4999,-10537.17277,-10510.96803,-10796.68322,-10491.27941,P1
-18864.29702,-12089.50584,-12176.813,-11757.09793,-12561.63177,-12271.35717,-11848.5012,-11777.31173,-12423.41583,-11821.79118,P1
-16616.9281,-13426.03305,-13339.72323,-13481.20685,-13576.67841,-13193.85557,-13593.82079,-13339.5766,-13368.417,-13963.60942,P1
-15858.04096,-12966.17681,-12746.40936,-12611.70691,-12318.69845,-12529.79057,-12442.29339,-12768.33903,-11689.72264,-13327.3165,P1
-17085.75993,-13935.27902,-13519.85514,-13888.98351,-13876.23844,-13272.91426,-13919.94461,-13646.252,-13689.77934,-14497.547,P1
-15902.78061,-11872.3108,-11332.96397,-11172.95416,-11036.91586,-11060.33654,-10920.48032,-11050.65437,-10825.93183,-11024.15958,P1
-17552.63998,-11052.69579,-10526.70471,-10431.40195,-11184.68182,-10443.41331,-10633.53349,-10137.89467,-11166.49152,-10156.4742,P1
-240887.1984,-118739.7424,-120357.2437,-119556.2653,-149112.52,-135565.8953,-123240.5949,-123230.5242,-139398.2494,-131011.2999,P2
-244049.2569,-119745.722,-118044.0491,-119178.1919,-127686.1263,-119363.779,-119858.3514,-117209.5291,-144109.8041,-127667.9633,P2
-246670.3166,-119581.5254,-117436.3149,-118212.7,-125220.159,-115175.3513,-119989.3667,-116141.2692,-144205.5107,-132983.5848,P2
-220256.7761,-121859.7335,-118371.5256,-117167.2197,-120459.779,-120920.4742,-116124.185,-119594.6016,-134689.5776,-126469.7722,P2
-254617.8294,-126274.1834,-124503.5436,-121037.0116,-126873.8348,-125678.0851,-121526.66,-123341.2632,-140567.8259,-131790.5185,P2
-241104.2721,-117797.7869,-116584.2245,-116769.3077,-122870.9087,-119421.2747,-116371.208,-116015.2074,-139120.8221,-125093.6934,P2
-246648.1547,-125583.3145,-117810.0862,-117694.9889,-126731.832,-122035.1954,-124167.2053,-117778.8956,-143045.7779,-126865.6411,P2
-236216.8643,-118009.9398,-119342.759,-118154.7193,-119345.0895,-118641.3309,-115552.3081,-117990.5008,-131794.9555,-125912.8416,P2
-245854.8739,-118376.1461,-109078.72,-107372.0706,-113135.1554,-112929.7485,-107522.195,-112740.9601,-119896.9815,-116248.1803,P2
-248475.364,-116583.4993,-120786.8456,-115679.1968,-124456.5974,-120962.2749,-120318.3637,-120212.0162,-147635.726,-130644.7464,P2
-251712.1714,-114115.5033,-119106.9627,-111097.9233,-119090.6173,-122154.7854,-110464.2327,-119781.071,-133380.0405,-125746.8934,P2
-244935.2268,-133054.0836,-116311.0065,-123314.3636,-125331.3157,-115261.1908,-123575.6387,-116302.184,-135728.191,-125981.2898,P2
-231947.9995,-121549.8475,-116774.4803,-118741.1248,-121729.7989,-114119.5029,-119403.6324,-116530.7327,-137572.3363,-128009.8366,P2
-242686.1872,-118059.0952,-113553.0684,-116419.9949,-116902.2437,-116089.3557,-112389.7398,-117523.9692,-126642.138,-124366.9962,P2
-243529.9436,-120450.6495,-118468.2929,-116582.5274,-120033.8798,-117679.3553,-114658.7499,-118567.2425,-136121.0584,-133925.4374,P2
-243198.8954,-114453.8424,-115119.4734,-109466.9203,-114847.9564,-112947.7201,-109742.7459,-113573.991,-130727.2442,-118413.8358,P2
-231926.6299,-118625.0716,-113077.7606,-108880.8159,-110572.6486,-111620.3291,-107888.2539,-111191.5405,-126578.25,-116123.8481,P2
-230609.5931,-113648.9694,-119503.694,-110458.4799,-115975.3392,-119428.1455,-110813.7536,-121208.0742,-128663.2651,-124794.5114,P2
-235451.1782,-130697.0428,-121849.6555,-117071.9494,-139390.7823,-131130.0292,-129233.1244,-120395.6738,-144916.05,-127265.6994,P2
-229570.3443,-119838.1204,-115615.1933,-118989.3925,-129066.0849,-119866.0231,-123335.4152,-116792.3492,-138833.2694,-125838.3996,P2
-248909.1807,-116455.5218,-115504.0368,-113214.6187,-118748.8158,-116034.1946,-113022.5373,-115420.1459,-130892.9239,-120927.0117,P2
-219514.3679,-123992.0514,-116776.7785,-115962.7578,-116522.348,-118012.8619,-115785.3193,-119377.2903,-131467.0848,-124977.3123,P2
-213178.8636,-126237.813,-123362.7909,-122425.0752,-122088.5411,-124838.4324,-118675.7301,-120429.7224,-138332.0823,-125878.5461,P2
-249764.5705,-120014.9744,-118870.8576,-116662.7307,-126339.6338,-123150.8028,-119782.1378,-116157.3017,-139756.2308,-123310.6656,P2
-231000.1086,-118492.3822,-118491.6037,-114313.0582,-116513.7883,-114143.7619,-113664.0162,-115077.5159,-133263.0527,-127827.5141,P2
-243968.7974,-117886.0285,-115819.5432,-113580.4724,-119446.9375,-116753.22,-113185.9965,-115156.4648,-131704.858,-122546.9234,P2
-249657.8235,-118335.0624,-116877.3929,-113190.0063,-120137.6887,-117535.7756,-114175.4319,-115897.1306,-132932.731,-121601.0591,P2
-233013.1025,-120341.9266,-120370.9532,-116968.4114,-120512.3601,-119994.7513,-115989.4247,-119804.572,-131986.7668,-129753.5227,P2
-232029.0925,-117855.1764,-111280.4368,-111109.6228,-115946.6413,-115292.7709,-111027.4299,-113042.4549,-129405.7748,-122776.2385,P2
-245802.9091,-117755.247,-119271.16,-120536.6173,-121266.4882,-116121.4637,-116553.764,-116932.7198,-135824.0049,-123463.3795,P2
-241850.6612,-134451.1609,-125992.6295,-137099.9274,-131269.1621,-130269.6405,-123395.2574,-118833.3365,-149883.205,-126908.5337,P2
-233186.6594,-126866.0815,-123328.259,-121947.2974,-119703.8185,-118415.293,-119893.2497,-121084.4081,-135048.2581,-126990.7323,P2
-240591.0833,-126292.095,-121676.9939,-120521.4664,-121896.4502,-118511.7624,-120189.0072,-119274.6471,-138326.3786,-127362.979,P2
-230324.9895,-123757.9502,-119416.384,-122649.8489,-125352.7157,-118669.0301,-121554.4315,-118533.9375,-136517.3245,-130295.0915,P2
-247157.7452,-145922.0645,-141454.3646,-128367.6433,-140301.3475,-142276.7818,-138696.3693,-129394.4426,-152028.4509,-133011.7523,P2
-229578.5832,-125632.2743,-126217.1559,-127828.8999,-129397.0415,-123971.9549,-126256.1003,-125860.7074,-143274.1184,-137545.3447,P2
-218624.9142,-117154.5449,-114175.9874,-116272.5342,-116157.3403,-110800.3497,-114042.2042,-114973.4368,-131601.0708,-125941.921,P2
-243117.6903,-119935.4105,-114134.3305,-110493.2113,-115644.8345,-115223.8935,-111281.4077,-115159.6683,-128964.9808,-119839.4838,P2
-234803.2584,-109590.7148,-104745.957,-107780.4983,-109932.6837,-104053.6014,-106338.543,-104095.1013,-123229.6398,-111634.6064,P2
-240517.3918,-112643.1918,-104548.5385,-105807.3548,-112506.5972,-104531.1147,-107524.5971,-104565.6747,-126559.9784,-113972.1171,P2
-234506.2885,-105324.2483,-102030.7999,-100415.7796,-108224.7115,-105727.133,-100882.4313,-102698.6479,-120688.8247,-108540.6346,P2
-240840.9405,-106832.6931,-103046.5682,-102871.8381,-107521.3248,-102277.51,-99483.99321,-100232.1489,-118593.0975,-112334.2301,P2
-241943.9271,-107013.9971,-102583.8383,-101966.4056,-106151.8862,-102711.5103,-101476.9782,-104144.158,-119050.9858,-123433.3208,P2
-217611.0423,-107320.4082,-101582.0769,-100015.0089,-101670.5084,-101079.4034,-98166.0583,-100377.1962,-114233.2193,-106486.4988,P2
-233806.8317,-109537.1098,-110589.9702,-110106.4809,-114292.1737,-106540.1707,-110271.5255,-108097.4936,-130381.8916,-118006.8609,P2
-245194.9247,-123037.8522,-113172.392,-110637.1729,-112036.0025,-113461.1209,-110672.9133,-112521.0843,-124819.571,-119310.6275,P2
-244386.7796,-120013.1077,-118235.481,-115754.1929,-123438.8957,-120216.5095,-116893.9875,-118529.4625,-136583.2801,-126669.0437,P2
-233725.2563,-113347.5949,-111980.9253,-110058.3713,-137400.7017,-131510.7272,-165656.2959,-140817.7603,-128910.3338,-126114.0408,P2
-231215.9406,-169404.7363,-128148.8895,-119606.3911,-193753.8364,-255981.8057,-223310.9755,-122949.4562,-225758.3586,-137041.5208,P2
-244519.6548,-108955.9351,-111187.8401,-107782.9069,-115942.7638,-113375.5435,-107538.8455,-109872.8754,-130472.5861,-117859.1125,P2
-229734.4395,-118119.1481,-110293.6739,-112099.1755,-117348.5023,-111218.7655,-112769.7623,-109419.558,-132949.7032,-119971.8856,P2
-225789.7603,-112727.7128,-108236.2845,-110754.5524,-113562.4975,-106487.2183,-110094.5301,-105907.6147,-131761.8148,-117077.407,P2
-226624.7049,-105034.056,-100893.4601,-103817.8868,-108807.7726,-100004.5665,-103566.5867,-99711.17577,-124456.0883,-108706.412,P2
-237552.935,-105559.4766,-106847.0263,-103481.3791,-109410.7775,-107762.1938,-103732.5851,-107945.324,-120334.3289,-115688.6955,P2
-220551.3139,-122009.5229,-114366.3716,-120555.7565,-129406.6675,-128107.5495,-121192.8963,-111113.6022,-146202.7863,-120448.6912,P2
-220585.9875,-114560.9307,-113466.357,-114391.8918,-112293.1192,-109685.0889,-110171.6218,-107862.1172,-127058.9119,-117614.4235,P2
-227387.0212,-113970.8238,-112901.9378,-108872.4753,-114262.9167,-114964.0419,-109945.3829,-110764.6877,-131213.7098,-118673.0605,P2
-227577.6482,-112290.7852,-114325.33,-107608.7759,-114784.3647,-116266.1216,-108294.184,-113991.6239,-130072.9136,-119674.9715,P2
-243936.4492,-109297.9183,-100712.0959,-102613.5785,-107258.9823,-103722.0503,-102266.5147,-101827.7545,-119373.9089,-114857.7083,P2
-220630.0241,-111725.3134,-104327.491,-97555.41666,-109951.3192,-110723.1173,-103732.4514,-101257.8586,-118864.5091,-107737.6159,P2
-220398.5116,-97363.99948,-94943.68416,-88042.08244,-91774.38308,-95036.21243,-89515.59406,-96550.97015,-108635.0077,-105168.7121,P2
-221258.3962,-105368.6745,-99943.9832,-100701.057,-100756.8807,-96396.24213,-99077.8319,-96886.34147,-117175.2699,-113274.8863,P2
-234370.7018,-103410.5488,-99481.97959,-100182.7214,-101606.4855,-98040.32681,-97713.3327,-99441.33324,-113149.314,-106516.5908,P2
-229548.1552,-101351.3395,-96403.14326,-94142.8142,-97315.27236,-95210.01788,-93925.04779,-96737.77451,-111890.3532,-102756.9682,P2
-215993.1212,-96949.26331,-94503.73347,-96506.12934,-105331.1333,-100902.9966,-94050.95011,-90959.03446,-124140.992,-97799.40955,P2
-234139.7853,-114232.3766,-101942.0791,-101195.0662,-103407.9263,-101210.84,-106071.227,-98810.00964,-125067.546,-108632.5673,P2
-221732.1934,-100779.1783,-102399.6842,-101988.588,-107153.7606,-102603.2761,-122058.8625,-122421.7671,-122754.213,-120313.6305,P2
-230635.4007,-142414.8726,-126778.6341,-108523.1971,-162661.9128,-153670.2671,-144501.8612,-117303.1768,-158030.6057,-121633.6071,P2
-234234.3841,-104473.2591,-101346.9519,-99400.34828,-103466.8666,-99799.02939,-99430.10457,-101488.9617,-118929.0271,-109205.053,P2
-248496.0478,-108153.2683,-98733.33321,-107428.2265,-108177.3194,-96660.0423,-106061.6285,-98401.7013,-123657.9739,-110996.1577,P2
-228968.8295,-100529.9594,-97151.26625,-94627.43968,-100820.5375,-97434.25554,-94008.65391,-95164.41079,-117928.8119,-101703.1632,P2
-228901.6985,-108136.2294,-94690.59659,-107407.9295,-108888.5887,-108246.7669,-96093.61979,-93494.67665,-132465.8418,-99138.14186,P2
-227951.4795,-136744.5129,-123682.4633,-133276.3954,-116286.3836,-115779.1128,-103948.7274,-93557.7622,-139673.1775,-105406.2284,P2
-224374.4604,-115571.1142,-111860.6877,-109803.6393,-111051.1967,-108072.314,-110230.808,-106830.4832,-126850.2009,-115088.6239,P2
-240698.8376,-105121.1597,-100036.8059,-98889.84473,-103478.9048,-99088.73939,-97734.58476,-99241.35843,-119107.9381,-106949.6574,P2
-211912.3628,-100483.5783,-97681.29965,-94080.32918,-98976.19727,-96793.65439,-95330.58937,-96386.34842,-118068.5298,-102562.9777,P2
-213364.378,-103306.8386,-97272.63272,-95118.96062,-96806.99124,-95977.25617,-94484.15947,-97538.48598,-110037.8394,-105777.8907,P2
-226301.1368,-102657.5007,-100761.504,-101805.9736,-107125.0594,-99352.58493,-102243.0172,-99745.3451,-124344.8195,-113952.1709,P2
-209831.312,-109050.6604,-96137.62339,-98437.45521,-103956.3511,-100953.2025,-100843.4623,-96887.54358,-118448.1496,-105468.5577,P2
-222343.7566,-106194.1646,-104125.0299,-103886.8534,-111004.3808,-107731.8504,-106926.6021,-105027.0066,-122072.4016,-111660.8329,P2
-222345.2679,-101614.991,-93205.98196,-94991.97824,-98084.84391,-92979.97171,-94980.89134,-92294.7299,-114463.6343,-99955.78748,P2
-222861.0984,-102330.9011,-98610.1229,-97317.74539,-103500.8206,-98100.38087,-96722.43336,-97072.90202,-118751.8711,-105168.0883,P2
-227190.0974,-100414.4551,-98142.48883,-93761.78659,-103449.095,-101316.9394,-97897.68059,-100103.4124,-114409.0933,-105359.3335,P2
-228556.2884,-102574.9196,-98110.48256,-96693.45165,-106862.6372,-105535.469,-103202.3841,-94739.97681,-125376.1035,-102279.5718,P2
-232486.5347,-108030.1347,-97643.22961,-100898.4733,-106255.6852,-97404.75222,-104316.6917,-98673.05631,-122005.3178,-111591.9547,P2
-205373.3495,-105808.3367,-98010.46301,-100455.2202,-104934.2968,-102978.5854,-102479.9773,-96756.77165,-119729.8184,-112264.1119,P2
-220957.6464,-105567.5308,-104101.9213,-102224.3139,-102602.8035,-102652.7755,-98400.67765,-101848.6308,-116275.6079,-110867.7858,P2
-193075.8946,-105037.3773,-100681.7341,-104494.3536,-102008.1579,-100905.5025,-99428.67248,-100650.522,-114426.9787,-110266.4592,P2
-220608.6463,-105287.9878,-107099.7854,-102327.2422,-105728.4851,-105276.1064,-101913.7838,-104014.6444,-123667.8007,-112408.9177,P2
-208060.7047,-102520.562,-97136.05202,-101192.9229,-100052.0276,-96674.12609,-98589.43516,-99807.07955,-114260.6959,-117712.657,P2
-225062.6143,-98815.04782,-97139.37803,-92387.67436,-98606.23708,-93625.229,-93022.21942,-93148.12094,-117715.2527,-100396.8664,P2
-224341.2679,-97052.33158,-90473.76176,-93226.2273,-103396.3664,-97467.98949,-101885.1991,-93328.69642,-120237.7755,-99792.13909,P2
-221433.5771,-108923.5288,-105903.3248,-102271.2091,-109709.5351,-111570.2995,-108369.416,-99334.40776,-128000.9381,-108210.313,P2
-224679.9384,-104191.4052,-96448.90414,-95640.23951,-99224.1593,-96051.3265,-93993.10761,-94786.00861,-111948.1361,-101108.5143,P2
-207130.3303,-95995.32703,-101918.8702,-93940.02056,-98230.42274,-96906.72818,-91635.58075,-95676.06464,-115949.5341,-104142.9362,P2
-216295.1059,-105591.8099,-95042.65229,-94014.01072,-98450.5183,-96152.59829,-94837.64105,-94712.62389,-113267.5522,-103696.8245,P2
-229005.9185,-100911.9619,-95635.74236,-99379.32821,-99724.59408,-94349.67259,-96261.91646,-95401.95682,-112116.7697,-105164.6091,P2
-201976.4335,-104529.3771,-105965.592,-101013.4439,-109147.8126,-112429.7717,-100578.483,-106524.1117,-122054.5406,-111171.7173,P2
-230295.0893,-107017.3127,-99813.69304,-99945.80319,-104135.5878,-98753.90072,-99391.26886,-97869.20632,-118469.7974,-106518.3364,P2
-220339.8736,-104937.0695,-101893.207,-98246.3109,-101297.8902,-101144.3254,-95027.88019,-99009.84646,-113756.26,-107288.5598,P2
