3.027213385,2.961580112,2.914853356,15.52780355,7.643053448,4.626855172,8.432750434,5.878635336,Healthy
3.057535692,3.000860443,3.034767427,15.52247504,7.404462744,4.50212275,7.779557114,5.834699743,Healthy
3.023920687,2.961489049,2.892802624,15.47121561,7.623096921,4.662153965,8.224860974,5.333864568,Healthy
3.107308806,3.021907818,2.940438989,15.54330546,7.341823855,4.573488881,8.056239154,6.112806932,Healthy
3.002324054,2.922089605,2.90241205,15.47578532,7.538769045,4.512218154,8.27213487,5.753988113,Healthy
3.007389106,2.948387532,2.934500041,15.66321579,7.39199462,4.768489692,8.044832322,5.231586402,Healthy
3.03788435,2.939506031,2.953276611,15.25214845,7.272566892,4.763495833,8.068972157,6.077919242,Healthy
3.000423929,3.02596417,2.963317454,15.76963264,7.402804,4.618267524,7.769479138,5.579400811,Healthy
3.069589652,2.947422989,2.916382433,15.60315955,7.190553936,4.59024361,8.085758736,5.362576834,Healthy
3.070869908,2.947791085,2.997337009,14.44872724,7.336067972,4.573138283,8.08895223,5.857634419,Healthy
3.036103475,2.96760622,2.922216595,14.82315921,7.003024376,4.410379012,7.825830979,5.087326593,Healthy
3.010644635,2.974065318,3.04573864,14.6327948,7.139193138,4.515222313,7.684443964,5.590412373,Healthy
3.059186989,2.985477483,3.018166883,14.74479153,7.200432461,4.410460278,8.034078202,5.93341572,Healthy
3.087098004,2.952248929,3.014105385,15.08193033,7.16855163,4.606217777,7.748861454,5.430096507,Healthy
3.096729728,2.954638668,2.972124,14.58638599,7.08252591,4.556392952,7.468231934,5.531786641,Healthy
3.035670822,3.024330002,2.997897579,15.15790727,7.198769068,4.474303341,7.612029267,5.901755363,Healthy
3.082718311,3.017817509,2.948707785,15.02920943,7.179210761,4.317747434,7.650090774,5.352027252,Healthy
3.096572934,3.066463051,2.978162125,15.65285455,7.35407974,4.438936898,7.647554201,5.951642276,Healthy
3.148707686,3.037968644,2.988682353,14.78420498,6.778869276,4.286800637,7.616698191,5.817311537,Healthy
3.089714377,2.959903052,3.025214205,14.96397483,6.912817261,4.391361346,7.881243277,5.423871869,Healthy
3.077376686,3.096685817,3.043352861,15.14293334,7.313066417,4.418995168,7.78458198,6.115352323,Healthy
3.065429839,3.02943945,3.026507309,14.7444993,7.166950782,4.356588201,7.212843832,6.097987618,Healthy
3.09385382,3.002129767,2.999015703,14.94488384,7.0985989,4.491662799,7.376742278,5.115567013,Healthy
3.12979926,2.969180498,3.051728852,14.96373059,7.164347393,4.453176695,7.671553439,6.09433367,Healthy
3.138854176,3.037860871,3.019097933,15.04256197,7.221297831,4.419819495,7.386405807,5.842114849,Healthy
3.134241799,2.998910319,3.054065819,15.18084806,7.354545144,4.453952114,7.373867435,5.102801923,Healthy
3.105498578,3.000683545,3.029033387,14.93452963,7.115785637,4.452521016,7.501492779,6.196105127,Healthy
3.035018461,2.999489576,2.962290617,14.77498868,7.091395915,4.243491157,7.106705854,5.667617137,Healthy
3.028072308,3.024394331,2.962629018,14.58439901,6.958370757,4.309976236,7.35033715,5.135499002,Healthy
3.135141672,3.034017895,3.109328708,15.05962827,7.032402307,4.29635119,7.347871193,6.340953684,Healthy
3.111084599,2.980117321,3.060328429,15.04539773,7.131288108,4.358887005,7.518219186,6.020366362,Healthy
3.120923189,3.070389953,3.105526315,14.85169532,6.946667417,4.421279848,7.41139154,5.22887975,Healthy
3.120003349,3.018329098,3.062270079,15.04056252,7.147572769,4.463275828,7.665014979,6.367423811,Healthy
3.120623986,3.007492018,3.051891246,14.5067513,6.836501294,4.318996954,7.551835012,5.806850476,Healthy
3.091644829,3.007846765,3.040462548,14.54184525,6.859228269,4.509910637,7.386696092,5.497827355,Healthy
3.079562103,3.026637843,3.110520023,14.66106344,7.031994879,4.500552944,7.736616147,6.842930688,Healthy
3.147220867,3.0707028,3.069139102,14.24963292,7.149334697,4.393418364,7.515216407,5.515232394,Healthy
3.060519854,3.002536433,3.03098182,14.2577439,7.157866886,4.372138948,7.513527127,5.607633131,Healthy
3.130856081,3.035646244,3.066587756,14.5760734,7.14652175,4.42776182,7.873368301,6.398997472,Healthy
3.103712635,3.083480432,3.084500742,14.12350571,6.834224693,4.396055831,7.805187314,5.291470712,Healthy
3.041973181,3.055794177,3.005573858,14.1044007,6.885123,4.287613175,7.590464051,5.591061925,Healthy
3.107539929,3.034499897,3.137141695,14.32691178,6.845485266,4.39862513,7.668764966,6.134656196,Healthy
3.057394757,3.027211114,3.14904376,14.3442803,7.024159692,4.413145315,7.301721196,5.18183429,Healthy
3.113418095,3.052189225,3.095589013,14.51322581,6.853502735,4.408535165,7.424338226,5.970557332,Healthy
3.125308885,3.036533119,3.147094915,14.38247353,6.880989283,4.40344014,7.266126747,6.215726997,Healthy
3.075751092,3.002907374,3.072159094,13.85094107,6.511282022,4.287003931,6.922250762,4.925196699,Healthy
3.041774244,3.04192036,3.08864814,13.7872906,6.809167275,4.445177775,7.424162462,5.887190592,Healthy
3.088361838,3.114970581,3.061737393,13.46049305,6.598894901,4.294034865,7.068705077,5.712086334,Healthy
3.062849234,3.037274816,3.025624869,13.64618409,6.532842628,4.41151836,7.103689393,4.920918864,Healthy
3.096226647,3.067691665,3.053334955,13.6174017,6.614235014,4.417908932,7.24910291,5.887496669,Healthy
3.033588836,3.02154687,3.096137113,13.71021946,6.867657592,4.283030061,7.22174414,5.881544447,Healthy
3.035822186,3.00691599,3.077927458,13.72639366,6.937392383,4.336781596,7.508300884,4.98449068,Healthy
3.12808063,3.094143805,3.165569133,13.8598192,6.882265934,4.400996731,7.727196009,5.637832086,Healthy
3.160603042,3.09174931,3.173819106,13.56347095,6.508861511,4.240742898,7.085683981,5.994619862,Healthy
3.041091422,3.068172274,3.064658839,13.54182642,6.378637662,4.267898387,6.883741472,5.083087494,Healthy
3.078236748,3.091815356,3.050335399,13.28810868,6.734782927,4.354059742,7.263517885,6.147295529,Healthy
3.08933432,3.077653703,3.056326124,13.44603634,6.558722038,4.392911488,7.302999885,5.753808938,Healthy
3.141850402,3.147456987,3.04730745,13.96587739,6.747331663,4.402361648,7.288113322,5.010990525,Healthy
3.143675781,3.1130504,3.080597442,13.80703094,6.817024529,4.375552043,7.252678524,6.184357099,Healthy
3.101927817,3.090296921,3.029158225,13.35150766,6.619983134,4.316865822,7.108805126,5.619568268,Healthy
3.135718954,3.038055643,3.053563072,13.63361858,6.759829468,4.429037405,7.097987714,5.326587039,Healthy
3.116043279,3.075239828,3.07978259,13.44227567,6.780747916,4.518968392,7.39756958,6.004863645,Healthy
3.1225525,3.136793162,3.123778963,13.52860904,6.568585564,4.438562409,7.158982499,6.007507051,Healthy
3.139342473,3.166936312,3.05015992,13.52682441,6.648534568,4.383899257,7.351274532,5.354326228,Healthy
3.122263457,3.085282865,3.10596981,13.36373779,6.656789563,4.383764584,7.261235686,5.872151433,Healthy
3.204601484,3.098972165,3.15730493,13.27850224,6.627941401,4.374564903,7.451502249,5.638977571,Healthy
3.144599913,3.12999722,3.104561348,13.65268487,6.552782743,4.482243067,7.68519193,5.320147794,Healthy
3.12544194,3.162859722,3.062055962,13.17321094,6.589279229,4.472469151,7.426677717,6.003775408,Healthy
3.139734683,3.160444841,3.148624748,13.36201175,6.591999974,4.476218511,7.374867071,5.298989293,Healthy
3.145646953,3.167343439,3.098732432,13.24284254,6.729002648,4.449467198,7.191868851,5.392779996,Healthy
3.162435485,3.134833541,3.058303772,13.30454099,6.558522564,4.442979855,6.982407279,6.193496952,Healthy
3.171852895,3.159891962,3.157716652,12.95783297,6.90555295,4.442409476,7.515540283,5.274664076,Healthy
3.145594593,3.103652717,3.071035652,13.18796724,6.62437835,4.400280333,7.321069388,5.681524599,Healthy
3.198738411,3.141130149,3.207101577,13.19702894,6.646137587,4.466855963,7.304106122,6.322438909,Healthy
3.121423294,3.123107727,3.160132457,13.41542165,6.532423229,4.317641575,7.154175811,4.954063878,Healthy
3.162737415,3.109662713,3.132246418,13.45811259,6.736000558,4.416529789,7.419992447,5.675252599,Healthy
3.131531178,3.10853445,3.191756339,13.0670558,6.487159081,4.292838447,7.49137915,6.062817643,Healthy
3.11747171,3.097913651,3.144743265,13.08233343,6.463751106,4.373571334,6.936758583,4.972846581,Healthy
3.151416578,3.170482253,3.027589272,13.03578615,6.629289283,4.485363105,7.43393461,5.640947678,Healthy
3.207822232,3.145724589,3.114434065,12.92996015,6.54485638,4.440673118,7.44489261,5.862583484,Healthy
3.12185013,3.039430154,3.093234343,13.00416782,6.430524178,4.602710348,7.210439288,5.158584905,Healthy
3.147310097,3.10596359,3.086208486,12.77817469,6.335163065,4.445923338,7.227248873,5.746102814,Healthy
3.147261923,3.14998556,3.144808815,13.15171923,6.788157307,4.575325275,7.530995601,5.782877012,Healthy
3.133073567,3.15480949,3.119127296,12.98367144,6.554120609,4.564481908,7.224815335,5.142809279,Healthy
3.13419181,3.108029743,3.155541868,13.09047909,6.813042613,4.550420893,7.212734922,5.804377651,Healthy
3.120952335,3.14589756,3.116228385,12.87600026,6.447461275,4.673635511,7.550627011,5.538241922,Healthy
3.169022446,3.123511523,3.071254001,13.19614414,6.563573297,4.567437482,7.002209776,5.065854308,Healthy
3.116440035,3.110764138,3.114997927,13.14367062,6.719485111,4.553052561,7.301209716,6.188996351,Healthy
3.190234025,3.091460427,3.099487482,13.30437234,6.504183487,4.584711274,7.449739758,5.554151439,Healthy
3.135191312,3.059915537,3.060680579,13.58676745,6.619518944,4.543232708,7.309886921,5.264148107,Healthy
3.123877492,3.134419612,3.113737915,12.98657285,6.486286958,4.425024798,7.14926514,5.792666316,Healthy
3.18741692,3.077140492,3.037404771,12.69131923,6.421333395,4.510323734,7.275510517,6.010756091,Healthy
3.224595927,3.104587795,3.064909564,12.85689405,6.563952916,4.590236868,7.390719031,5.119031421,Healthy
3.260763764,3.189052844,3.144155101,12.99046997,6.471366084,4.48549593,7.295169624,5.560500603,Healthy
3.193046644,3.12637299,3.147696838,12.87801643,6.457212032,4.4460712,7.109751783,5.596845485,Healthy
3.216801131,3.161882047,3.166341234,12.61206215,6.277923767,4.547373634,7.15997608,5.292888573,Healthy
3.243976959,3.15244773,3.073374445,13.2608785,6.642312189,4.487512518,7.145770087,6.272014115,Healthy
3.19542721,3.157371485,3.103079538,13.095035,6.783169131,4.662016087,7.276460163,5.87094201,Healthy
3.205338575,3.148351783,3.075043741,12.87310079,6.521157097,4.485785928,7.456184881,5.156512982,Healthy
3.225081805,3.154867962,3.130772449,13.05893128,6.448170032,4.565400101,7.192121905,6.237295578,Healthy
3.194718438,3.278539102,3.150732425,9.294010152,14.47067627,4.517628728,7.112003842,4.507915184,P1
3.199374449,3.409345054,3.199597779,9.958884392,13.5832741,4.550102495,7.42059522,4.262256472,P1
3.228764606,3.282163498,3.287002499,10.7634738,14.0865341,4.561150784,8.550833422,4.527045876,P1
3.216798106,3.356268747,3.318818188,9.999872444,12.44555008,4.39682754,7.608416069,4.546743062,P1
3.307698833,3.487446223,3.271090523,10.61734989,13.09737927,4.667173362,7.374531709,4.386997084,P1
3.287369969,3.332833437,3.312395533,10.02440173,12.7110108,4.476235665,7.38422352,4.523663409,P1
3.192326404,3.384665095,3.2790833,9.514963554,12.06827355,4.432709273,7.070175474,4.4474637,P1
3.127521985,3.29841071,3.163766654,10.7179213,13.37842979,4.707243972,7.482952797,4.417335596,P1
3.278357342,3.380211861,3.308259302,9.935246807,14.26345241,4.547775733,6.850773598,4.245139831,P1
3.224253224,3.393740994,3.239927806,8.968215071,12.40490409,4.268991078,7.22866202,4.325244899,P1
3.163954611,3.48051822,3.207019567,11.32214896,13.68740888,4.657812494,7.803719138,4.210302884,P1
3.349982438,3.462636359,3.498295549,10.39497606,13.38062452,4.595128198,7.694172621,4.263653047,P1
3.154641005,3.359413007,3.282779953,9.332434885,12.38432522,4.493367674,7.410919083,4.394828839,P1
3.270961671,3.413231923,3.269817813,11.24528038,13.28402079,4.467548851,7.487666816,4.287048103,P1
3.159822509,3.327523881,3.278537649,9.978662384,13.15692608,4.699089728,7.530052838,4.186088646,P1
3.205558363,3.488770318,3.345676793,9.510157151,11.68875782,4.579468785,7.180246014,4.363068255,P1
3.179025868,3.355377877,3.286904815,10.03165929,13.27495538,4.722986629,7.61814649,4.720748855,P1
3.215274451,3.389600587,3.294479605,9.382294243,12.42233641,4.659971168,7.36863161,4.311744054,P1
3.146873457,3.37831064,3.275957991,8.868076039,11.48537369,4.475111062,6.984801406,4.359900683,P1
3.248671004,3.422960059,3.273289713,11.1408545,13.7171651,4.409893909,7.596678657,4.564178902,P1
3.30034123,3.355210609,3.354027794,10.48655682,12.64530768,4.655357758,7.641461721,4.339371257,P1
3.188842124,3.382691983,3.261743355,9.509858457,12.2938892,4.6131306,7.13489193,4.39613366,P1
3.174392805,3.369392684,3.254195734,9.759426973,11.15868636,4.518996232,7.339201512,4.239391442,P1
3.253528667,3.469844395,3.278303628,10.89025257,12.86675375,4.860338426,6.669480168,4.250672404,P1
3.243364501,3.363444071,3.389539995,9.157019534,12.40998739,4.79786607,7.771839965,4.674406163,P1
3.21784192,3.38561931,3.244475888,8.675473976,12.78637778,4.48422893,6.938408567,4.514975727,P1
3.231245584,3.275460766,3.282460005,10.19104538,12.66709856,4.588694008,7.969608853,4.371676568,P1
3.211739227,3.432351364,3.249409329,10.57052175,11.53796809,4.67714078,7.438840146,4.412781104,P1
3.138682138,3.319455142,3.20024483,8.672909012,12.7900561,4.479444357,6.996290376,4.57143558,P1
3.197841253,3.488269215,3.29422062,8.933962966,12.05576569,4.490523542,6.662701146,4.299062997,P1
3.313813697,3.614037811,3.327264694,9.974786752,13.29547865,4.65212117,6.898879849,4.519891837,P1
3.305443351,3.589469151,3.347320521,9.536949715,12.08302309,4.611151206,7.162625478,4.495064126,P1
3.263050981,3.5221248,3.232755857,8.765202938,11.35209352,4.301219649,7.762644799,4.188147111,P1
3.225424057,3.525733929,3.212031092,10.32498667,11.12884635,4.683690108,6.808105784,4.376784123,P1
3.330841856,3.551509497,3.316646327,10.42178661,12.82743902,4.457069292,7.342550532,4.961900559,P1
3.29882653,3.470694197,3.263515147,9.476205998,12.90280089,4.451207382,6.680745017,4.377313145,P1
3.142384625,3.469367329,3.207304221,8.593941169,12.26629688,4.424352797,6.883340939,4.279794409,P1
3.321848813,3.422590836,3.254753366,9.633205373,11.65812666,4.369069579,7.362899317,4.721255182,P1
3.257724922,3.578697199,3.307642477,10.12552742,12.22168325,4.592216271,7.370459949,4.585024504,P1
3.176909474,3.415790012,3.323208607,9.463124658,11.9394789,4.355656164,7.367173429,4.409892171,P1
3.222041298,3.453461604,3.391549885,8.94882271,12.0652855,4.288192437,6.562598651,4.557569927,P1
3.275065748,3.51487372,3.30198804,8.93064193,11.86537261,4.531793168,6.747086464,4.474698311,P1
3.229961383,3.536558361,3.338197085,9.991655666,11.72199363,4.515419855,7.239866274,4.235072248,P1
3.325425938,3.422216276,3.261207428,9.620676808,11.48638407,4.503985229,7.12380151,4.59962111,P1
3.193598751,3.49537778,3.287734979,8.814474593,11.74157883,4.3657312,6.980472002,4.63434549,P1
3.274549997,3.581008374,3.265124348,9.354626809,12.03153046,4.566133111,6.929096904,4.448886655,P1
3.298260997,3.482658102,3.344978927,9.375792733,10.59415479,4.586464949,6.648005262,4.634033604,P1
3.278578667,3.560157538,3.326520044,10.43896227,11.77145012,4.498147175,7.227805519,4.678273366,P1
3.249427626,3.421134126,3.297851793,9.301669111,11.3534191,4.405630437,6.924684609,4.313362847,P1
3.237200093,3.498513305,3.360379168,8.53738558,12.61522134,4.677328614,6.92026957,4.787346002,P1
3.223538578,3.456342851,3.259825078,9.268885412,11.90737863,4.424376098,6.996730712,4.831131708,P1
3.15832702,3.584698487,3.312593808,10.75907978,11.50495715,4.488131182,7.069088619,4.519235788,P1
3.27974309,3.454593371,3.310741141,8.68600497,11.47463397,4.389939548,6.658793154,4.663279864,P1
3.164736347,3.457962674,3.290106106,8.240154182,10.68563838,4.266471007,6.957138083,4.497013457,P1
3.259022356,3.519570035,3.209982882,9.061156455,11.08708772,4.197195206,6.728989775,4.486493116,P1
3.223073075,3.637252388,3.252987144,9.887030923,11.29196761,4.401626274,6.867368717,4.607621277,P1
3.224462842,3.517911825,3.263076225,9.1583383,10.09881645,4.474114481,6.682936421,4.502339684,P1
3.200304229,3.659555965,3.315418279,8.513659087,10.34531162,4.318622694,6.782513369,4.472649542,P1
3.326090354,3.472028191,3.325730944,9.319829248,10.74127855,4.480107859,6.904628783,4.553735872,P1
3.24770386,3.668128431,3.34465813,9.594173985,12.5185119,4.494177241,7.391386095,4.814652436,P1
3.289336988,3.553689479,3.380735555,10.16499575,11.76376649,4.501508001,6.817544882,4.461847148,P1
3.289240627,3.511949706,3.291657722,8.857553814,10.67158251,4.468350867,6.631569684,4.38450059,P1
3.124135326,3.570707,3.245280116,8.979960391,11.05589326,4.402483134,6.454637318,4.451842739,P1
3.215000346,3.656541778,3.240472409,9.640233834,11.48958869,4.301426701,6.628663398,4.503031203,P1
3.319900793,3.71308443,3.292629799,9.632398286,11.4111216,4.498600079,6.751510648,4.444667955,P1
3.163177127,3.575501983,3.268550764,9.335092513,10.7943306,4.366031077,6.918730077,4.546109786,P1
3.266834168,3.647822959,3.371064605,10.44166801,11.4550951,4.491237904,6.648973219,4.517013252,P1
3.29111981,3.510059862,3.318936618,8.716228628,10.80172612,4.527718374,7.060209783,4.48898173,P1
3.366547603,3.518806085,3.353566718,9.339983553,10.08312686,4.382715996,6.709721437,4.531472195,P1
3.264841905,3.516329737,3.329274212,9.272433016,10.77351795,4.574794587,6.828207807,4.581055033,P1
3.320698038,3.647464684,3.323830601,9.286548545,11.29451474,4.546992266,6.905655672,4.51796078,P1
3.33420235,3.720412421,3.35503588,8.918277512,10.31096786,4.364938954,6.653390932,4.445482749,P1
3.308974304,3.57527372,3.387484614,8.215804153,10.71802229,4.348963002,6.150531588,4.465095933,P1
3.368050483,3.516178872,3.411818869,8.413824647,11.16151131,4.426802415,6.722704906,4.414428305,P1
3.396362078,3.714085398,3.476050908,9.525313872,10.38048165,4.539852207,6.472769301,4.550831249,P1
3.373916913,3.56077745,3.363648667,9.48486256,11.63527973,4.535935874,6.836693162,4.768482077,P1
3.435086399,3.65111909,3.493258704,9.290379949,11.53641952,4.53693664,6.52635024,4.311915766,P1
3.226238801,3.398673566,3.40570779,8.389576249,10.65623485,4.211530391,6.518629281,4.403980077,P1
3.393982647,3.658213793,3.452522192,9.129899146,10.39874807,4.577991995,6.688520274,4.555161734,P1
3.350371547,3.855932997,3.330480973,10.2023417,11.44989249,4.509079339,6.348847375,4.47000162,P1
3.374881343,3.643121555,3.356182332,9.627580577,11.30984991,4.731665061,6.675729756,4.593135996,P1
3.281363961,3.675353025,3.363583797,9.413109531,10.46512958,4.378646404,6.514764503,4.65504544,P1
3.352342817,3.749282259,3.322474118,9.260189205,10.40153379,4.422814256,6.392199422,4.374835453,P1
3.335945182,3.62257801,3.425853091,9.584525987,11.82212531,4.296476685,6.410478645,4.489496585,P1
3.253687928,3.613169476,3.311506163,10.02362542,10.38621061,4.761705086,6.610343545,4.886713675,P1
3.3258091,3.642431083,3.365611693,9.120983901,11.08929774,4.873444905,6.841196578,4.820604839,P1
3.26308351,3.687140849,3.238825212,9.593306988,11.4322805,4.583516042,6.650944001,4.57876364,P1
3.286264045,3.559273278,3.357612691,8.27175108,10.19664123,4.556029444,6.923268018,4.539300168,P1
3.39281045,3.697886389,3.389689779,9.295404173,11.42491057,4.842123517,7.347346916,4.716532023,P1
3.378085451,3.720451811,3.337204199,10.66144952,11.6342467,4.703387532,6.810759696,4.557673321,P1
3.286367336,3.490716797,3.370571388,9.537967177,11.16741477,4.429556917,6.765265179,4.470391307,P1
3.24468727,3.420496822,3.275874058,8.886291875,11.66372098,4.534906104,6.277316496,4.396309331,P1
3.337170115,3.55815793,3.387438799,8.892066866,10.8831586,4.552875147,6.696932768,4.455839518,P1
3.419023885,3.603124428,3.531317983,8.925684535,11.53386633,4.758499204,6.943705198,4.592537382,P1
3.343465715,3.560847775,3.262995075,10.4036426,11.69283433,4.758103507,6.784265812,4.793535713,P1
3.360771358,3.47045633,3.310616291,9.580628917,12.34254877,4.718714574,7.031535127,4.513450883,P1
3.312824186,3.557301807,3.438316712,9.075657239,11.32792177,4.444844511,6.754776442,4.548048646,P1
3.263148847,3.506824282,3.282766443,8.094282433,11.06846512,4.645753423,6.645715794,4.584958878,P1
3.32208684,3.604292441,3.194814309,9.782046171,10.56773662,4.625037301,6.69508214,4.570007281,P1
3.293854747,3.716690879,3.347320896,10.15316052,10.83251493,4.913892842,7.061010772,4.8022541,P1
3.019305568,3.047190285,3.134165699,8.118267751,5.148077074,5.1174296,5.585246124,4.515886887,P2
3.011745345,2.993884833,3.070116071,8.129511231,5.083272752,5.306251054,5.379443158,4.578620261,P2
2.978992457,3.048402669,3.105455044,8.142057345,5.026974552,5.180475493,5.483617816,4.592533332,P2
3.035841686,3.052148777,3.110396316,8.065581976,4.989347584,5.205828238,5.462695601,4.488321605,P2
3.020493854,3.084035806,3.154764131,8.527086304,4.989474118,5.38918836,5.183868912,4.424000422,P2
3.007712028,3.05241837,3.142485896,8.35079339,5.052496666,5.108520451,5.269693908,4.510508193,P2
3.027287828,3.017503051,3.120319223,8.067004676,5.082044627,5.13788697,5.284113846,4.456280528,P2
3.008487404,3.001372922,3.100263307,7.905202488,4.928443918,5.328966053,5.083291107,4.484536314,P2
2.989820402,3.037213124,3.103353528,8.307738083,5.056482426,5.298702763,5.128489158,4.548560592,P2
3.021354319,3.062415209,3.120913208,7.822325759,4.959881446,5.167937874,5.17603173,4.362650065,P2
2.957390632,3.040604942,3.146334463,7.900790376,5.082755002,5.222493998,5.101343428,4.553778383,P2
3.029818781,3.050361213,3.159127434,8.404921107,5.009628118,5.129245916,5.019846935,4.509176493,P2
3.056796567,2.99173064,3.153061188,8.160178745,5.035086484,5.110825962,5.185930869,4.608516917,P2
3.014321359,3.051656368,3.161417308,8.495616833,4.889351876,5.213404354,5.312391536,4.509397204,P2
3.059908138,3.048332132,3.073023438,8.726241649,4.989452166,5.326467311,5.190599133,4.558584492,P2
3.040869283,3.078126961,3.098831417,8.249802059,4.918661081,5.207643181,5.244364567,4.504468644,P2
3.01297068,2.998689251,3.134336079,8.473336653,5.025286914,5.2223107,4.909752685,4.384465253,P2
3.015784796,3.030370208,3.177699733,8.624885481,4.973210799,5.121465526,5.118968557,4.527535031,P2
2.982941242,3.001721551,3.094928001,8.031458417,4.837959871,5.050303802,5.080989593,4.417853431,P2
3.036823352,3.044070585,3.18686751,8.646358243,5.020218361,5.029004371,5.089252199,4.59475904,P2
3.023515936,3.076902534,3.166444569,8.380928577,4.949386195,5.088273184,5.080694834,4.493827947,P2
2.991339153,2.964438009,3.101672747,7.825172088,4.887956717,5.013108593,5.038800775,4.494716458,P2
3.053692198,3.02632608,3.123741067,8.015352681,5.016037505,5.208730796,5.191893543,4.575890051,P2
3.021384406,3.040209471,3.14338562,8.19237542,5.034055659,5.01286245,5.182496158,4.456168183,P2
3.034837333,3.015458742,3.169943164,7.860776888,5.109870504,5.10180696,5.052897445,4.670472025,P2
3.020992513,3.069938283,3.147728965,8.026006053,4.935357864,5.1623919,5.228056703,4.525258377,P2
3.080317711,3.038574554,3.133709711,8.048716575,4.985733644,5.052145575,5.115418241,4.47397852,P2
3.018497394,3.053479803,3.114054078,7.904351793,5.045204713,4.986617098,5.170654117,4.392937579,P2
3.024974871,3.038253293,3.138027636,7.444210858,4.964163123,5.080164254,5.127571559,4.548489255,P2
3.0069868,2.994230663,3.138594585,8.220308456,5.043091989,5.009064079,5.14605481,4.354247467,P2
3.017764805,3.028452064,3.105941238,7.657446939,4.963372943,4.792523383,5.103997967,4.484820938,P2
3.045833747,3.034223272,3.087883045,7.984865885,4.989724026,5.0907497,5.116275843,4.483439843,P2
3.020349585,3.019816393,3.155620843,7.918050966,4.95686032,4.987188381,5.124022318,4.523874136,P2
3.003567894,3.032091234,3.075161547,7.866649482,4.867865894,5.013232668,5.068721805,4.501713887,P2
3.065366541,3.014019291,3.174855989,7.770627385,4.887464065,5.058933894,5.070527559,4.465882399,P2
3.044423322,3.04175306,3.139480879,7.821941345,4.779707759,4.959646816,5.155775548,4.525288758,P2
3.059700719,3.082544199,3.163695417,7.877900361,4.851005758,5.044093973,5.044961156,4.444455949,P2
3.062771359,3.005788587,3.177345798,8.452380548,4.734439945,5.117660816,5.209699214,4.502213836,P2
2.99552058,3.009551953,3.138057045,8.292385226,4.807022821,5.015379611,5.047676096,4.505351803,P2
3.042203838,3.061238776,3.122178455,8.381380952,4.818454272,5.017178703,5.298442714,4.491911992,P2
2.975315268,3.046838876,3.175807436,8.852296909,4.951502046,5.153971811,5.355681502,4.506902727,P2
3.009400833,3.110312685,3.137283582,8.67794066,4.968595785,5.13385982,5.185531742,4.415745481,P2
3.017081795,3.046664618,3.149645483,8.745643071,4.983273778,5.237570151,5.189784933,4.491434932,P2
3.002706491,3.044864484,3.131281133,7.704054663,4.990829398,5.381395936,5.10766925,4.488852298,P2
2.989211246,3.026502078,3.146789214,8.365695167,5.037438117,5.207564136,5.318462255,4.43905429,P2
3.023977761,3.061894817,3.134258675,8.465408171,4.871733459,5.214878492,5.047329903,4.419010927,P2
3.049647435,3.045976248,3.111557318,8.295235896,4.991209756,5.323059837,5.042387999,4.580067368,P2
3.037169501,3.015150248,3.106968536,8.498933038,5.044298925,5.165561749,5.4042108,4.651483131,P2
3.020840721,3.045094378,3.126469126,8.436566487,4.880335298,5.251449311,5.121015664,4.424172731,P2
3.011526969,3.086763758,3.08655126,8.222060243,5.021443998,5.474866602,5.524704431,4.496154412,P2
3.065610154,3.026259618,3.142900176,8.17794131,4.962702519,5.277094522,5.164815308,4.560878791,P2
3.026794249,3.061110186,3.105562008,8.004110966,5.011253606,5.059985387,5.026677176,4.383156352,P2
3.028170209,3.052269603,3.057603576,7.903168869,4.994800428,5.313386324,5.34822259,4.540877445,P2
3.011671488,3.02932765,3.154608935,8.687820641,4.999797368,5.263538227,5.254904897,4.48290846,P2
3.023288209,3.043394626,3.156530484,8.466368243,5.082137305,5.100065566,5.183474024,4.471654653,P2
3.063999859,3.03871486,3.15599357,7.744379454,4.948195548,5.127873867,5.155852032,4.512990148,P2
3.053596274,3.043103899,3.112071754,7.906928852,4.990500067,5.11584328,5.133450247,4.506483509,P2
3.011828844,3.0110318,3.187562456,8.07927605,4.926703136,5.289852822,5.121475601,4.515385171,P2
3.00692753,3.038631737,3.095369605,8.380744894,5.003331884,5.349222513,5.2998167,4.481126288,P2
2.973851478,3.047360585,3.141407687,7.924440723,5.017343652,5.279670213,5.032153353,4.375422007,P2
3.002638217,3.123387232,3.131256059,8.434906217,4.917668979,5.264279524,5.038129406,4.655364191,P2
3.015570638,3.085345514,3.15895775,8.512905892,5.026109374,5.160964956,5.151582041,4.383898114,P2
3.008428642,3.073046145,3.095531176,8.540808534,4.922171566,5.340100864,5.159823207,4.403660614,P2
3.035391501,3.052452919,3.158271659,8.188341359,5.06791985,5.224343232,5.14150578,4.552240389,P2
2.990199674,3.051238403,3.163805969,8.633745911,4.959448659,5.388971728,5.331956907,4.47089134,P2
3.010942499,3.069553033,3.207555839,8.424068162,5.048699977,5.135376442,5.172486517,4.483623195,P2
3.016038606,3.076790333,3.149046509,8.262173866,5.076481729,5.247186298,5.115218354,4.427403401,P2
3.020938812,3.074335714,3.131591656,8.410129264,4.871001207,5.310365933,5.159792329,4.361012018,P2
3.022220656,3.052524291,3.237908773,8.689345711,4.860944724,5.128960398,5.106451331,4.450298899,P2
3.026102615,3.05259889,3.214969423,8.38670894,4.810582711,5.142988051,4.959470886,4.432300727,P2
3.042436128,3.101070557,3.18643338,8.243940258,4.789534495,5.146583332,5.076146626,4.318118974,P2
3.025724205,3.141325307,3.154566347,8.161962525,4.863365968,5.162515156,4.925907268,4.442999601,P2
3.028474398,3.115271779,3.181028533,8.548805703,4.883576531,5.169623276,5.100640951,4.357266516,P2
2.984525784,3.089986961,3.15447753,8.963962526,4.9219762,5.135299452,5.048975092,4.435597338,P2
2.974620091,3.119176184,3.131993697,8.225590674,4.854255316,5.145159078,5.017980892,4.464389581,P2
3.037849125,3.064130249,3.201293842,8.019966491,5.038278548,5.216811777,5.105115803,4.491113037,P2
2.993071027,3.063053019,3.141425644,8.091803885,5.031959989,4.996490768,5.162353385,4.439422927,P2
3.034791805,3.050699747,3.164240583,7.828875374,5.027100355,5.129140552,5.179764776,4.575142477,P2
3.00123944,3.083028184,3.131598296,8.032870808,4.879240362,5.0726852,5.288059945,4.411215644,P2
3.058068928,3.052621839,3.204091888,7.849300726,4.996889948,5.166892263,5.100547248,4.524445921,P2
3.06587238,3.086163102,3.124471949,7.957214806,5.066862725,5.22648129,5.088001091,4.478759278,P2
3.038427195,3.04508697,3.145668564,8.136654855,5.112607451,5.206886394,5.186762386,4.451141077,P2
3.013196461,3.066542232,3.1514946,8.132188552,5.01349092,5.162032247,5.119188194,4.716309884,P2
3.025124942,3.073208128,3.128901304,7.725483212,4.937292703,5.2747575,5.173447292,4.50086552,P2
3.062693466,3.039363514,3.222936218,8.022044043,5.015708592,5.558249699,5.298113939,4.418332084,P2
3.000588872,3.083997586,3.129778504,8.122776823,4.921640382,5.387854642,4.990459529,4.588911962,P2
3.011528115,3.055780743,3.172201541,8.356701697,4.902584672,5.184997179,5.503797026,4.544566579,P2
3.017211601,3.049734574,3.15084226,7.967433714,4.908261098,5.278633878,5.138915945,4.296449459,P2
2.982801895,3.124898033,3.140554311,8.082308259,4.803158158,5.372387385,5.181756661,4.465512143,P2
3.043232192,3.110115845,3.173365915,8.13087387,4.898168439,5.344385208,5.122497402,4.547623515,P2
3.07369019,3.110082724,3.194596143,8.269520268,4.790351484,5.329205996,5.053870756,4.2930934,P2
3.012351378,3.083031291,3.118586258,7.828630427,4.922303877,5.342096895,5.024167144,4.595591469,P2
3.086664069,3.076927743,3.185475838,7.941745459,4.906347107,5.380305676,5.325443069,4.44826273,P2
3.043118458,3.103812475,3.127473725,8.022848729,5.059312554,5.274131551,5.411170436,4.257335309,P2
3.032225012,3.111180379,3.149990064,8.327750217,4.771184262,5.356683545,5.059237774,4.567302401,P2
3.04905568,3.15927854,3.230550651,8.133342695,4.847806982,5.252726051,5.281030538,4.376077881,P2
3.11916981,3.107933346,3.206358033,7.608962674,4.896973318,5.212595955,5.079214818,4.178258156,P2
3.043673351,3.112990984,3.122438945,7.526350473,4.954122609,5.226460514,5.288082867,4.478007796,P2
3.097486225,3.086607448,3.140603717,8.026321022,4.995171368,5.321500851,5.398855168,4.436318,P2
3.036457247,3.081139096,3.174671492,7.625075524,5.127069778,5.326788207,5.308997862,4.456683541,P2
3.176105449,3.187312609,3.190833213,6.003629403,5.428626666,5.65907142,5.18699336,4.427347205,P3
3.085895469,3.106485384,3.141070852,6.111890411,5.438700654,5.003327101,5.504726526,4.345189113,P3
3.17443913,3.257730051,3.207936054,6.305903869,5.38459924,4.972519647,5.342989295,4.428817832,P3
3.215065133,3.161123823,3.147380742,5.922831465,5.125243275,4.930377793,5.387428873,4.469721287,P3
3.09054897,3.267948997,3.125563731,5.918540571,5.328281278,4.936560312,5.793677046,4.300418718,P3
3.180465229,3.284701535,3.291634067,6.333512607,5.437867646,5.126821178,5.641574903,4.500052018,P3
3.184602803,3.193042417,3.237377077,6.272515483,5.536171087,5.059126748,5.077925283,4.559398236,P3
3.12119561,3.145044057,3.263742197,5.668424535,5.131089449,5.309744932,5.15361186,4.251540516,P3
3.133294715,3.152588932,3.241001048,6.07950764,5.265768438,5.187779364,5.214336921,4.354312896,P3
3.167430919,3.239185519,3.206819321,5.923696679,5.210328243,5.252022123,5.201822604,4.480092214,P3
3.159029966,3.177063057,3.153512638,5.816531651,5.328363858,5.377137633,5.383619182,4.323421453,P3
3.200186966,3.311427252,3.286306764,6.204833264,5.32047431,5.527338999,5.518056867,4.444833631,P3
3.227350129,3.157783368,3.272701663,6.228382975,5.359266397,5.766729717,5.416621307,4.591283345,P3
3.192593796,3.240050855,3.250489018,5.993177743,5.119694582,5.792945282,5.077138936,4.286851236,P3
3.18079822,3.268986116,3.252344367,5.840411373,5.242567152,5.696218746,5.430311329,4.545938268,P3
3.149805167,3.24058661,3.243785089,6.096294005,5.489722696,5.44654856,5.280115124,4.631397851,P3
3.156052193,3.195070277,3.132066242,6.274263104,5.145925039,5.402647776,4.993125754,4.463102522,P3
3.177660476,3.179298188,3.14271695,5.989592098,5.534918758,5.176252641,5.037306731,4.655001094,P3
3.145316576,3.154587586,3.113099033,5.903702639,5.056032564,5.298037994,5.102828331,4.503426286,P3
3.185714107,3.339449006,3.216762583,6.01062394,5.164689338,5.741668432,5.284165174,4.690303373,P3
3.203157743,3.24969962,3.224925443,5.901637478,4.961280722,5.442682281,5.230114097,4.809606261,P3
3.237622784,3.2789448,3.208872395,6.229850686,5.203096789,5.323155013,5.099448761,4.727877186,P3
3.169750219,3.163892134,3.242561208,5.668927452,5.029876767,5.85428856,5.127966087,4.453331933,P3
3.121306495,3.233198507,3.2451529,6.100815303,5.195825706,5.372172717,5.43582652,4.640570483,P3
3.143114345,3.190582389,3.192225896,6.200284911,4.97457865,5.222782754,5.183859221,4.483504196,P3
3.183627619,3.331915571,3.269571664,5.906991401,4.912695291,5.539963194,5.001523156,4.543362762,P3
3.193652332,3.175834841,3.31488334,6.178563393,5.097406523,5.897732909,5.437333588,4.596853758,P3
3.29915992,3.359801198,3.326423384,6.14503557,4.972842198,5.52098428,5.480061462,4.655011468,P3
3.222467376,3.26936513,3.262380477,6.206004929,5.159130183,5.579954088,5.158163742,4.553762875,P3
3.264302548,3.31316072,3.194482805,6.237850125,5.128728147,5.4433282,5.165759695,4.775058458,P3
3.288815739,3.238102925,3.253199476,6.109257567,5.295400745,5.55009035,4.951192845,4.535547101,P3
3.233879319,3.219185927,3.259900663,5.895657586,5.109773956,5.487946829,5.41078942,4.592635027,P3
3.169922943,3.24751532,3.2726286,6.065492129,5.254923667,5.117115056,5.22994158,4.73822957,P3
3.240506514,3.34077915,3.357334878,6.112913249,5.102183773,5.031137849,5.255324562,4.713660542,P3
3.163350748,3.204110205,3.256003518,6.361188418,5.123934104,5.117843606,5.184028841,4.642421392,P3
3.264587685,3.210515037,3.318319036,6.125609861,5.126123595,5.456655986,5.351694882,4.817518426,P3
3.165107161,3.198302706,3.234301843,5.867733307,5.390062462,5.618832737,5.340404463,4.447877274,P3
3.140950402,3.139466594,3.230417061,5.863547029,5.123493799,5.647446489,5.428365179,4.638092751,P3
3.218137427,3.174123699,3.310233343,6.30634981,5.212530606,5.727188212,5.386125907,4.700325871,P3
3.184974695,3.212112903,3.212483776,6.191397413,5.315015607,5.466877415,5.350404053,4.485118785,P3
3.145792004,3.233787708,3.198174402,5.909389247,5.510795429,5.611861656,5.588112168,4.69468689,P3
3.185148296,3.118109013,3.258840482,5.955116494,5.029972651,5.736867634,5.412650276,4.62469334,P3
3.131344629,3.117123445,3.228218711,5.610296185,5.034577369,5.707561579,5.410882135,4.628513716,P3
3.251478181,3.24923392,3.337194988,6.279123809,5.272788282,5.847750066,5.315074953,4.558768614,P3
3.191741075,3.331636167,3.215832685,6.062654036,5.049783775,5.767690016,5.245864975,4.647346314,P3
3.165370294,3.226013821,3.270370071,6.404752393,5.073345765,5.812624652,5.208756507,4.542089448,P3
3.198236618,3.169436381,3.237472029,5.74256237,4.992167581,6.119181589,5.027932642,4.60129541,P3
3.187546665,3.197180863,3.287306818,5.709959289,5.053820971,5.794958211,4.999321301,4.639084399,P3
3.16418637,3.175902036,3.187047045,5.722266436,5.120819226,5.903204133,5.353260755,4.658068716,P3
3.221091903,3.286549761,3.33013279,6.194085435,5.417717379,5.823286873,5.506145603,4.610516737,P3
3.182981205,3.225756404,3.214966158,6.161402557,5.24711722,5.904380734,5.457712285,4.794219651,P3
3.229572905,3.263104329,3.245137433,5.946918308,5.168937057,5.406551904,4.971497856,4.464036331,P3
3.125686909,3.160739191,3.298193506,5.84316159,4.98297088,5.320058821,4.999561031,4.398409927,P3
3.183945263,3.169656895,3.282561965,5.418671683,4.784454341,5.56302405,4.824135273,4.576678389,P3
3.10827608,3.134942676,3.230685009,5.887574223,5.053863621,5.665223231,5.080076792,4.314943137,P3
3.22183164,3.268383225,3.252384621,6.227051445,5.231845824,5.545248763,5.400084223,4.588376328,P3
3.222171642,3.217580635,3.206912127,6.161205547,5.268597854,5.422743536,5.250659982,4.629756088,P3
3.242816029,3.219025345,3.224559058,6.128832237,5.198118438,5.518527302,5.218098746,4.491467628,P3
3.229304584,3.221377823,3.303018082,6.195008445,5.08772022,5.436912537,5.094722469,4.685461771,P3
3.235109075,3.175340079,3.312902996,5.661346486,5.042311917,5.791352333,5.193299499,4.722420894,P3
3.164307976,3.221850198,3.265506055,5.939742079,5.043931204,5.834272637,5.2596464,4.53515637,P3
3.193326119,3.25610139,3.269804372,6.029387634,5.096294432,5.438307563,5.456189762,4.847605844,P3
3.145584984,3.282037419,3.273670178,6.2312764,5.368933726,5.05894864,5.371540578,4.614928219,P3
3.177582742,3.227255756,3.238076275,6.254414156,4.886573613,5.169292086,5.148180839,4.50872966,P3
3.215325126,3.260755369,3.295994163,6.08509854,5.328935122,5.344933651,5.293707818,4.547539865,P3
3.288529927,3.242547333,3.312995306,5.641110964,5.213441177,5.532059464,5.17505229,4.619606353,P3
3.151752022,3.147160548,3.313016046,6.097170918,5.017493358,5.688646962,4.975619555,4.544750808,P3
3.20795517,3.249636551,3.365550953,6.4366914,5.269910231,5.538432308,5.484827509,4.855928423,P3
3.127130924,3.230949407,3.201460262,6.127144697,5.415776715,5.446267239,5.404383915,4.709043666,P3
3.129145472,3.203877448,3.205954582,5.818414782,5.330393556,5.485373707,4.986613379,4.568958033,P3
3.194184184,3.22921266,3.24684237,6.15169003,5.40473582,5.59006421,5.334142283,4.686969202,P3
3.21661498,3.200545425,3.206229122,5.797824614,4.927589043,5.41644612,5.389415441,4.614806889,P3
3.193124871,3.178560697,3.28388632,6.085846999,4.879854334,5.566323215,5.107143106,4.478649136,P3
3.163880002,3.159132234,3.361891304,6.364875581,5.116702826,5.451954552,5.498344813,4.528983002,P3
3.127124238,3.255411562,3.368663622,6.274302519,5.095359089,5.248578974,5.049164899,4.550151201,P3
3.174755849,3.233600496,3.266498568,6.035310516,4.972718623,5.396558509,4.957907266,4.548577763,P3
3.221040097,3.206276898,3.246359997,6.231889416,4.951048738,5.168797696,5.35120039,4.624915093,P3
3.162304122,3.207769205,3.196071078,5.926408774,5.278482169,5.190825565,5.142760172,4.515468524,P3
3.256171541,3.234571502,3.351324878,5.838847624,4.99981884,5.481500289,5.0860885,4.794912737,P3
3.143609731,3.099792598,3.280921881,5.794379454,4.866869758,5.116676537,5.242412532,4.627281269,P3
3.193653911,3.158238188,3.271995109,6.079598403,4.861535844,5.209060384,5.238908789,4.709273003,P3
3.157018689,3.215441111,3.365441054,6.587787396,5.204837978,5.296208126,5.180895002,4.620505035,P3
3.145137778,3.165493134,3.222871832,6.320400646,5.212916905,5.415392829,5.16474405,4.694661222,P3
3.262978991,3.260005828,3.260967514,6.343256023,4.97982408,5.154918479,5.024588069,4.551212821,P3
3.084343998,3.067987392,3.228269259,6.129029148,5.025501425,5.029999852,4.995110554,4.512981753,P3
3.181482058,3.196449563,3.271302414,5.977411769,4.942849407,5.190152557,5.052436837,4.569658044,P3
3.140760688,3.13590042,3.212854468,5.802799127,4.938865658,5.067102262,5.054177999,4.602268213,P3
3.179453352,3.041743632,3.303087852,6.177187955,4.999332736,5.497395582,5.547970153,4.681378963,P3
3.211102102,3.180884692,3.364329315,6.542984076,5.026318126,5.375176974,5.176324332,4.692715496,P3
3.228718915,3.217306202,3.31271235,6.234064035,5.089179452,5.314530195,5.123514354,4.418326215,P3
3.191667262,3.161686531,3.208936958,6.144198658,5.179395184,5.16220294,5.345903791,4.832488843,P3
3.219640095,3.156417351,3.294273978,6.245390301,5.032057064,5.493320857,5.450035408,4.601457759,P3
3.211921855,3.158718328,3.235813957,5.76756392,4.871382521,5.312367557,4.95808495,4.474524765,P3
3.143310391,3.076213312,3.211840447,5.600852085,4.799800664,4.974657015,5.236880494,4.681731751,P3
3.14843126,3.260943857,3.233480089,6.061249958,4.957135431,4.856984632,5.541977643,4.503778619,P3
3.198953883,3.263074019,3.273985051,6.377342904,4.99683756,5.322191594,5.068398851,4.33071464,P3
3.154814495,3.261491217,3.301608682,6.310969369,5.238875493,5.169533744,5.32228806,4.589645081,P3
3.197838344,3.209840471,3.300633635,6.290867117,4.848136969,4.724014892,5.061306302,4.481923657,P3
3.180848935,3.132195012,3.151959305,6.137358578,4.844773508,4.807624672,4.861653125,4.585653979,P3
3.238904356,3.147825423,3.312161101,6.31131949,5.103001937,4.672797819,5.177542752,4.570414541,P3
