2.913124072,2.844689527,2.83343776,2.819318407,2.853566531,2.836037958,2.826142989,2.808247537,2.858045599,2.791822109,Healthy
2.989198227,2.987508708,2.924457589,2.978108501,2.9502374,2.906641845,2.987643041,2.978314912,2.984383233,2.902681678,Healthy
2.872718064,2.809968821,2.834228425,2.79958007,2.837215322,2.831124735,2.818199312,2.800252071,2.839696655,2.8019741,Healthy
2.91908137,2.896019294,2.903204903,2.884664063,2.908991004,2.906998915,2.885368011,2.866732607,2.887586352,2.894240176,Healthy
2.848408939,2.866313116,2.769493418,2.847783327,2.791828267,2.797295328,2.824875546,2.840884949,2.809902653,2.745517071,Healthy
2.933725215,2.87488964,2.831631951,2.873351105,2.862470144,2.817759641,2.878041971,2.852729265,2.893659165,2.801868325,Healthy
2.923749377,2.890322262,2.913044012,2.866542641,2.904876435,2.888660689,2.87283571,2.865545461,2.879584492,2.872407171,Healthy
2.947767655,2.949493829,2.934037788,2.928890048,2.921965148,2.918946322,2.924147259,2.920687178,2.920752928,2.911134846,Healthy
2.929202646,2.932762537,2.943282895,2.918902862,2.915265219,2.88767492,2.906028352,2.909873762,2.915255646,2.891635423,Healthy
2.962403174,2.934878393,2.916697356,2.905002719,2.923109333,2.922824658,2.907269644,2.904446776,2.933534738,2.877354085,Healthy
2.955578999,2.876172783,2.87285154,2.896010523,2.907016161,2.869923772,2.893198103,2.848764767,2.899220187,2.865058937,Healthy
3.003021558,2.967505899,2.942685292,2.956634024,2.955436884,2.950171646,2.957960714,2.937646081,2.979238268,2.911429117,Healthy
3.005479021,3.016982791,3.004090038,2.9847107,2.977621843,3.005124338,2.968573554,2.986566578,2.97644429,2.977060715,Healthy
3.010066155,2.977882284,2.975982944,2.977599614,2.976498699,2.938653937,2.971248446,2.954052778,2.978827946,2.934808376,Healthy
2.965132239,3.000272942,2.95393982,2.969817329,2.931898357,2.94234799,2.939774742,2.956568688,2.938467967,2.916955422,Healthy
2.987763082,2.978136591,2.939208881,2.969983946,2.947524302,2.916768777,2.967906162,2.953557313,2.961612824,2.9144373,Healthy
2.98213682,2.953966283,2.918895047,2.949072993,2.928073973,2.867197076,2.942624652,2.933155638,2.945879877,2.860273378,Healthy
2.979193199,2.949670798,2.983676519,2.918587991,2.95842805,2.94473363,2.9378321,2.932245332,2.96447119,2.926719926,Healthy
3.003230889,3.012284479,3.028672552,2.98097373,2.993065098,3.010767021,2.964072165,2.982727949,2.964915053,2.997827219,Healthy
3.020721883,3.056103707,3.073723197,3.081554802,3.036527588,3.014963314,3.016273341,2.9912713,3.037759831,2.977376622,Healthy
2.960881295,3.04190973,2.922877159,3.02930008,2.926492251,2.934729134,2.976170606,3.000589095,2.960199059,2.895438518,Healthy
3.054525121,2.932625957,3.001361562,2.93515694,2.996134467,2.976107177,2.941259547,2.893215624,2.97477487,2.963614291,Healthy
2.967008909,2.97624399,2.951099329,2.948897997,2.926728554,2.946340241,2.912714943,2.918814805,2.915920805,2.906745992,Healthy
3.031778665,3.014938439,3.017231877,3.002923821,3.004141741,2.973822128,2.986857181,2.979917582,2.989547251,2.975831955,Healthy
3.061742474,2.988943183,3.074972468,2.991001313,3.038860724,2.996372729,2.989497842,2.967536307,3.011248992,3.034592671,Healthy
3.023733302,3.064856538,3.034786139,3.054316418,3.023299386,2.978655249,3.033375368,3.028340296,3.035511864,2.987933159,Healthy
3.013389963,3.003722792,3.012047169,3.002469559,2.997212858,2.986809571,2.979334675,2.965440287,2.98525309,2.98311123,Healthy
2.980189654,2.914002815,2.940656391,2.90696988,2.926458072,2.903830738,2.906363232,2.88933174,2.929507638,2.916482197,Healthy
2.941137737,2.912643766,2.92276119,2.888105808,2.906904711,2.927664273,2.87270185,2.875091444,2.886889424,2.891715275,Healthy
3.057801495,3.031196011,3.073700592,3.027099169,3.046806831,3.014648007,3.032697168,3.012064419,3.048369865,3.033473226,Healthy
3.072353083,3.085200659,3.053840176,3.106429995,3.059807047,3.009540153,3.08120878,3.056605051,3.069056071,3.043624303,Healthy
3.168421403,3.135502595,3.178210375,3.117224552,3.141244839,3.095455503,3.111510246,3.109204321,3.134338591,3.135568459,Healthy
3.014167232,3.030173659,3.049438645,3.004154865,3.013923174,3.025290523,2.981345318,2.988284585,3.002188659,3.013747762,Healthy
3.070331086,3.054709095,3.086834635,3.069710419,3.064895945,3.023269652,3.057591783,3.049862516,3.055129292,3.045650077,Healthy
3.031331311,3.046045523,3.048863797,3.034244535,3.011568523,3.003780252,3.003998156,3.001912387,3.009543116,3.015413841,Healthy
3.073480239,3.180514606,3.119032546,3.156061285,3.079746779,3.080231543,3.113953963,3.158629363,3.098078292,3.095846511,Healthy
3.033276142,3.131496898,3.043472273,3.116161474,3.018899053,3.030470589,3.057290716,3.084686924,3.037653739,3.025244254,Healthy
3.03987762,2.965397884,3.026970689,2.9777849,2.998924842,2.965484204,2.980935593,2.951517591,3.007081306,2.984792562,Healthy
3.08041511,3.054738734,3.056092116,3.066309379,3.060085812,3.018460359,3.074247718,3.053841781,3.080799253,3.023479473,Healthy
3.084582224,3.065175543,3.05792098,3.07946004,3.056938734,3.037847436,3.060753744,3.047685819,3.05984069,3.040829229,Healthy
3.037205493,2.970212076,2.999361148,2.996394346,3.009614045,2.957724868,3.002073504,2.960355073,3.01889854,2.989372304,Healthy
3.089156563,3.23346157,3.078998721,3.204169815,3.074463833,3.072427547,3.153010703,3.195903796,3.126364126,3.063586993,Healthy
3.197706061,3.122467276,3.277011179,3.093546549,3.184927126,3.245480281,3.098272322,3.102995802,3.123200083,3.255221267,Healthy
3.151299547,3.030655037,3.162698384,3.048608453,3.141175853,3.108574952,3.080210248,3.026956922,3.109998614,3.141090493,Healthy
3.212226169,3.098143665,3.2335565,3.087411788,3.188008508,3.171048105,3.113311649,3.080308845,3.157822654,3.189394909,Healthy
3.064122243,3.071104517,3.080473456,3.041949983,3.036718629,3.033835783,3.03210481,3.056828038,3.046759113,3.021165277,Healthy
3.102365635,3.010791871,3.076782475,3.051670076,3.068764279,2.961302246,3.067547449,3.009411917,3.089623369,3.0139486,Healthy
3.034870758,3.04900189,3.098104714,3.040054614,3.064876854,3.075650064,3.031866967,3.040601994,3.030811742,3.070659601,Healthy
2.981555886,2.972925937,2.985834989,2.974068651,2.989342577,2.981162479,2.960188601,2.941050962,2.969409618,2.969388235,Healthy
3.0474023,3.088688543,3.050224311,3.054581395,3.012489114,3.029097808,3.034497354,3.070657625,3.025834015,3.014588493,Healthy
3.127695043,3.148521406,3.140040007,3.103254194,3.070921739,3.144811994,3.072287322,3.120602183,3.069084484,3.118677462,Healthy
3.069492515,3.020729085,3.05123237,3.011956186,3.038187709,3.042844541,3.011480082,2.998723779,3.033020896,3.033780904,Healthy
3.163962347,3.123967656,3.186702177,3.124895896,3.181158335,3.152006258,3.140034085,3.114744839,3.153036431,3.164129536,Healthy
3.157173657,3.212100743,3.189329055,3.177566623,3.156275936,3.215327983,3.157022992,3.200161052,3.148565134,3.201389745,Healthy
3.065884562,3.038577716,3.020297813,3.03442681,3.02916318,2.999372549,3.037786886,3.036137886,3.038596031,2.998487959,Healthy
3.052654065,3.035056145,3.029337074,3.031670203,3.038442342,3.03494887,3.023744666,3.018996456,3.021844566,3.02975209,Healthy
3.056131063,3.059438955,3.032610139,3.045957613,3.023717377,3.04861459,3.02814922,3.046804066,3.020731555,3.012651241,Healthy
3.107603633,3.068238847,3.077606981,3.081269555,3.085875945,3.06781259,3.087783409,3.059357827,3.079627884,3.066923988,Healthy
3.115207088,3.095293493,3.114651719,3.088131414,3.121776971,3.107348397,3.096470368,3.090050618,3.09977872,3.117763287,Healthy
3.06590769,2.958052905,3.037978347,2.949230743,3.032415803,3.000266495,2.99098785,2.956486754,3.026654637,2.985400313,Healthy
3.071159266,3.025781821,3.022859121,3.03549884,3.045130793,3.006722775,3.063239367,3.032078408,3.068457828,3.004469261,Healthy
3.042615565,3.116875554,3.045456685,3.08803363,3.04223169,3.073075107,3.067591632,3.10037195,3.047121836,3.0481586,Healthy
3.167393047,3.154633772,3.14513675,3.136931143,3.146282886,3.150249463,3.141346603,3.147010747,3.146248658,3.128166111,Healthy
3.100992282,3.086270864,3.094460285,3.087004195,3.079680082,3.085317759,3.084549163,3.08991776,3.078043488,3.083601594,Healthy
3.186810924,3.064174782,3.14643983,3.076764403,3.173374479,3.110200198,3.126559806,3.072819612,3.156137299,3.129454712,Healthy
3.223516411,3.19642522,3.20677831,3.205632929,3.222076918,3.190668123,3.240874181,3.234474602,3.237769079,3.214185221,Healthy
3.073691883,3.088426132,3.068670175,3.075424595,3.079636562,3.125046537,3.072453491,3.074180216,3.072007362,3.089567196,Healthy
3.102797956,3.022544458,3.073238445,3.029767605,3.086043088,3.01981426,3.075370626,3.037471003,3.096142879,3.044121771,Healthy
3.171911599,3.153836402,3.095663098,3.152402682,3.114381186,3.132895996,3.149667909,3.159594495,3.135513678,3.11143321,Healthy
3.147167778,3.100641178,3.110852417,3.109211392,3.13434526,3.100680966,3.137877228,3.115365136,3.14517847,3.107899239,Healthy
3.108406201,3.063933939,3.073885474,3.058419181,3.094256602,3.077608587,3.076853065,3.071994766,3.086171076,3.064572053,Healthy
3.238019795,3.164649788,3.248370068,3.188559531,3.267481736,3.226375068,3.232626912,3.191461949,3.238379008,3.271497772,Healthy
3.116674302,3.057167814,3.07436687,3.08651456,3.107020984,3.091444731,3.09988092,3.070177784,3.091997095,3.102651839,Healthy
3.260866258,3.237031242,3.23889629,3.259625439,3.272991726,3.219431734,3.284080199,3.250176914,3.276484274,3.249817886,Healthy
3.182809272,3.17282878,3.191054857,3.17416609,3.196726394,3.231181785,3.168332172,3.164356999,3.174945583,3.216051586,Healthy
3.181643147,3.214176387,3.137336687,3.200463876,3.147452795,3.150841334,3.187547806,3.212575738,3.169321748,3.156184288,Healthy
3.273274649,3.263929765,3.243174571,3.296328206,3.300994259,3.273791402,3.303230995,3.277684331,3.281198131,3.270134356,Healthy
3.146139068,3.161798871,3.156692771,3.131775464,3.155813721,3.21861294,3.126846696,3.139515637,3.127911966,3.189085549,Healthy
3.072757299,3.020851151,3.032289986,3.002283926,3.03606329,3.023084563,3.025491524,3.023733668,3.040338907,3.020597296,Healthy
3.154823266,3.129173927,3.14015314,3.142970037,3.161669899,3.162364928,3.150326965,3.128344585,3.14314094,3.17243316,Healthy
3.133336518,3.118525653,3.086457973,3.127206578,3.120450579,3.10784986,3.122492163,3.116008944,3.117224401,3.112636866,Healthy
3.122331415,3.147806164,3.093850067,3.133820748,3.114374775,3.15610517,3.10773387,3.132879024,3.091759837,3.125977252,Healthy
3.159949801,3.103468753,3.168047416,3.087199246,3.158370109,3.162789275,3.115906717,3.102798891,3.136808764,3.179195712,Healthy
3.174032692,3.102488556,3.158979094,3.126308645,3.181434827,3.129514005,3.166505241,3.127168024,3.174299701,3.148052018,Healthy
3.178996865,3.154615087,3.18644907,3.145748314,3.18544319,3.22798044,3.157178835,3.159551787,3.163182172,3.214616659,Healthy
3.126580487,3.124291957,3.04882438,3.132970807,3.070888442,3.102857658,3.132046572,3.151601143,3.104280396,3.076689629,Healthy
3.093317517,3.109319175,3.098464153,3.095719937,3.089367367,3.126685635,3.101705815,3.118286846,3.093206622,3.122141342,Healthy
3.146690607,3.11523434,3.082346298,3.153596671,3.146476875,3.094335431,3.164205992,3.133356512,3.142854763,3.102420236,Healthy
3.10503674,3.147887302,3.106660778,3.135765128,3.109764108,3.144661498,3.126528257,3.15523467,3.105857783,3.117548155,Healthy
3.081247687,3.06705946,3.096980358,3.060993759,3.093207689,3.121208242,3.050819302,3.051296589,3.050939023,3.101774182,Healthy
3.203523467,3.121281391,3.160238063,3.111187393,3.182031714,3.171649581,3.136493745,3.128163255,3.151775989,3.197580027,Healthy
3.063448459,3.03273637,3.080434335,3.03080553,3.071350215,3.078949188,3.044199406,3.02419175,3.057534282,3.076957825,Healthy
3.044581038,3.092213758,3.037377442,3.060563038,3.042414762,3.113141603,3.02566272,3.054691139,3.024179193,3.053948285,Healthy
3.233781729,3.192508132,3.22454465,3.217982457,3.241951091,3.199815572,3.255925249,3.227248794,3.250185056,3.227372426,Healthy
3.19616795,3.217496734,3.155465017,3.213656823,3.177900361,3.150803492,3.221650669,3.23467855,3.207658068,3.156395913,Healthy
3.153229807,3.182631265,3.159039124,3.182843394,3.166566376,3.163648503,3.1763226,3.192342376,3.163710985,3.168062498,Healthy
3.138911962,3.07933813,3.119531587,3.097957473,3.129177581,3.101645142,3.10834103,3.0775916,3.11008536,3.116164915,Healthy
3.169432043,3.114091925,3.174479857,3.127047568,3.182925312,3.154291104,3.153207637,3.125872328,3.16396523,3.180066166,Healthy
3.061756211,3.033931088,3.073239438,3.012445663,3.052839113,3.084701126,3.022929525,3.014853585,3.031676605,3.064237401,Healthy
3.056996674,3.078726476,3.046127793,3.065549741,3.041795153,3.051934879,3.065469584,3.081982748,3.056959396,3.031579744,Healthy
3.100630313,3.064632717,3.131070113,3.079951792,3.118902876,3.051147208,3.123078918,3.081247161,3.133508566,3.104343466,P1
3.125430634,3.108727731,3.100824188,3.110403228,3.122348802,3.11309648,3.12480048,3.124211501,3.147754235,3.100472004,P1
3.176363197,3.17661284,3.178681918,3.20020215,3.213556657,3.243785653,3.201078713,3.172957682,3.210069205,3.223143559,P1
3.16929314,3.226869665,3.258846635,3.203989009,3.224474928,3.227571202,3.214726342,3.235153324,3.227854628,3.242575528,P1
3.154918567,3.125955702,3.126398804,3.131722994,3.150668265,3.161796368,3.158593355,3.15160617,3.173932448,3.139998112,P1
3.246336225,3.213962643,3.232551947,3.226095471,3.247967491,3.181807732,3.250328341,3.218192557,3.252523966,3.212671667,P1
3.183655752,3.240374858,3.161872961,3.23380217,3.201578215,3.200046821,3.229694601,3.249339945,3.228887276,3.194826964,P1
3.035558122,3.091045148,3.04654031,3.092815844,3.046242188,3.078092036,3.068224568,3.072561761,3.056758118,3.051882736,P1
3.111897471,3.217740338,3.18998588,3.201070294,3.149244472,3.181876355,3.165606961,3.203739344,3.148633057,3.172458465,P1
3.174335544,3.156065018,3.124632933,3.190448584,3.190570319,3.118462642,3.223712914,3.178927563,3.218185998,3.135262744,P1
3.081898047,3.084614904,3.069591345,3.079127216,3.093674307,3.09289633,3.096691851,3.087256899,3.114158127,3.076549802,P1
3.384795418,3.37842825,3.389117087,3.388027401,3.40728703,3.392397842,3.414147726,3.38965745,3.417651262,3.397562907,P1
3.162947248,3.135560993,3.169582268,3.138724663,3.188172443,3.188769577,3.160459445,3.137014988,3.174383241,3.18981355,P1
3.150648796,3.154722081,3.195974799,3.142766687,3.177250337,3.19220448,3.154451928,3.139720442,3.165332646,3.186704425,P1
3.1029697,3.143996542,3.102845083,3.151454553,3.125390452,3.152896264,3.147824059,3.148464186,3.138492788,3.133709952,P1
3.261309664,3.240770437,3.242773244,3.263060428,3.283775569,3.241273168,3.305621784,3.266330209,3.315536125,3.261571353,P1
3.130012352,3.250705246,3.123402865,3.223989949,3.131041089,3.187707016,3.181320938,3.259145447,3.167561559,3.140366612,P1
3.184573245,3.199816,3.160927085,3.2048858,3.170935443,3.139410216,3.215780016,3.220295777,3.213831034,3.126785489,P1
3.187515936,3.173396806,3.175446382,3.193399209,3.200204203,3.174724763,3.205846395,3.180250855,3.210064988,3.189318153,P1
3.175630569,3.172468709,3.140313684,3.171499776,3.166643635,3.19099284,3.164906782,3.175182646,3.180434678,3.164518318,P1
3.232991606,3.195791029,3.301692358,3.18240438,3.27439388,3.282572862,3.225009507,3.221647841,3.263635379,3.294775543,P1
3.168989997,3.16871875,3.126155975,3.19667892,3.169066768,3.08432547,3.223319573,3.191892723,3.215626318,3.120950083,P1
3.092193071,3.157058448,3.186091325,3.101889077,3.122142117,3.217475844,3.077632871,3.148169885,3.088101693,3.174981778,P1
3.200879858,3.167493896,3.199861608,3.156431326,3.207146695,3.217899248,3.198283935,3.192350637,3.229145785,3.210859544,P1
3.202733313,3.249658705,3.285037567,3.250059108,3.273336525,3.282710258,3.274561444,3.27485912,3.270935228,3.311791453,P1
3.16720312,3.171294786,3.155251993,3.194257957,3.181002052,3.132955046,3.196010649,3.169016819,3.199084775,3.150117466,P1
3.144127467,3.12885357,3.154941103,3.113998006,3.16354349,3.18726084,3.138034212,3.146712813,3.160256991,3.187373617,P1
3.145020697,3.130986238,3.162059591,3.150496718,3.172363628,3.155755446,3.170241995,3.143630108,3.164252024,3.175391785,P1
3.079379471,3.133994003,3.105542463,3.129935025,3.09523429,3.113752038,3.100892891,3.116175141,3.09143908,3.114317471,P1
3.140166235,3.177863513,3.180984788,3.171321187,3.192624102,3.233804069,3.185800945,3.186884598,3.182633961,3.195599522,P1
3.235081265,3.216966272,3.196836356,3.234539725,3.248592873,3.22982296,3.271123384,3.238898011,3.288977693,3.214666792,P1
3.229212199,3.262957896,3.234125286,3.269420313,3.236690243,3.224382503,3.255629762,3.255109366,3.256191958,3.223675737,P1
3.145360152,3.174235873,3.13550528,3.181547375,3.146348122,3.143144913,3.164211557,3.168640849,3.158139729,3.141947462,P1
3.092819078,3.128267263,3.104304,3.149785302,3.124699768,3.131482199,3.147472698,3.134135626,3.147588668,3.134088195,P1
3.201094548,3.204905567,3.234063939,3.193188557,3.235827807,3.278250435,3.210290767,3.220416529,3.235568571,3.279486744,P1
3.120193373,3.114267857,3.146322902,3.116231754,3.142847178,3.164963162,3.112800839,3.098377992,3.128449748,3.1316884,P1
3.102146812,3.138129233,3.074386451,3.139356112,3.089540518,3.079663109,3.140079816,3.15491246,3.136315463,3.075665263,P1
3.153477464,3.17351686,3.171041214,3.169556711,3.199215147,3.226602536,3.172498462,3.181243601,3.180751115,3.195875378,P1
3.220101953,3.201465817,3.211170691,3.200532306,3.237446806,3.242413715,3.241731944,3.247705933,3.261986218,3.247185376,P1
3.229080904,3.193318088,3.23542786,3.187628835,3.242316691,3.263113074,3.202081836,3.191710998,3.222237638,3.244509593,P1
3.331447713,3.262526904,3.329614816,3.29994948,3.360652372,3.316071497,3.332707471,3.27101746,3.351431246,3.36462593,P1
3.249704198,3.212889865,3.252851553,3.22013943,3.274600588,3.253525134,3.253495301,3.232353321,3.279712765,3.259656757,P1
3.170040594,3.24369024,3.161178651,3.227082912,3.160311096,3.181425906,3.19641057,3.242418804,3.18837775,3.178396694,P1
3.138623605,3.139397283,3.168547574,3.145921528,3.144044052,3.173167611,3.158301194,3.149651001,3.175522802,3.175618415,P1
3.175281945,3.10007974,3.126450642,3.134079215,3.168690108,3.146197658,3.170902837,3.122342263,3.192382391,3.15776597,P1
3.160717478,3.142060953,3.179527004,3.135366269,3.179104018,3.174343092,3.156144842,3.155682727,3.195158253,3.168527861,P1
3.207434928,3.249642695,3.199363056,3.247148018,3.227268459,3.251698702,3.236242194,3.256750283,3.243149732,3.239317303,P1
3.249854937,3.196252774,3.202988604,3.220330146,3.239946213,3.195537228,3.249473769,3.22338016,3.267928287,3.214036086,P1
3.218581189,3.179481232,3.166234256,3.228617155,3.228891997,3.139981971,3.259774905,3.206049217,3.265839664,3.160415406,P1
3.204020332,3.25852078,3.223120867,3.271624838,3.223099915,3.240337903,3.262078378,3.279097512,3.253304866,3.234660357,P1
3.202553914,3.121192505,3.169809829,3.116506659,3.20236767,3.201846884,3.164248348,3.154213263,3.194110298,3.189424831,P1
3.153952815,3.151054486,3.203534317,3.117930259,3.179983799,3.231121492,3.136026306,3.152521318,3.172929874,3.211935682,P1
3.22947743,3.164893697,3.20886,3.201138191,3.237480076,3.161020354,3.264051272,3.218051719,3.2790609,3.20253014,P1
3.153910443,3.174537457,3.217308737,3.157665637,3.189472544,3.25245713,3.150254575,3.171055495,3.161624288,3.235332996,P1
3.112665461,3.137394393,3.140307242,3.14391804,3.131492007,3.155928267,3.139158391,3.150257932,3.13711334,3.160171657,P1
3.152795468,3.148706485,3.18880616,3.143916855,3.175941316,3.178457316,3.160117051,3.152948726,3.17768479,3.180019898,P1
3.105350406,3.13552236,3.117080179,3.121646907,3.096053164,3.140025238,3.095752647,3.121200789,3.09923086,3.113511326,P1
3.146921312,3.204607674,3.219130312,3.162564752,3.163076361,3.206644317,3.151866803,3.21151883,3.156709251,3.197664,P1
3.266947791,3.260624721,3.234020175,3.277038,3.269447803,3.259845741,3.301499789,3.293899899,3.308973815,3.263826434,P1
3.218251094,3.226114682,3.240611609,3.253588568,3.273187638,3.265290169,3.268711503,3.23065279,3.274646958,3.275440139,P1
3.214233914,3.260253011,3.272286646,3.253632932,3.246216779,3.293414006,3.240440119,3.260046604,3.244849121,3.293971394,P1
3.170701998,3.239961306,3.173498531,3.235422534,3.176240982,3.157062709,3.218605261,3.229338676,3.195341386,3.162437425,P1
3.13969012,3.195857064,3.142233858,3.19445393,3.157526946,3.187648895,3.157449211,3.178321057,3.144941484,3.165607258,P1
3.143861051,3.094204535,3.179155708,3.126697424,3.197240367,3.186497044,3.151925521,3.091899535,3.170288399,3.263753798,P1
3.189015035,3.174158336,3.252770153,3.158596096,3.262327381,3.270302767,3.190771428,3.171586468,3.231165644,3.255878578,P1
3.119385495,3.165337393,3.165596686,3.155094133,3.151539036,3.205587625,3.136681424,3.144127406,3.135171152,3.167816899,P1
3.255697801,3.322250135,3.249100704,3.317036612,3.250404672,3.235535757,3.283114645,3.316368768,3.267990474,3.240207875,P1
3.205828316,3.234707212,3.20894632,3.232504952,3.222121844,3.235184388,3.234321446,3.233181364,3.235317756,3.229256254,P1
3.272914634,3.307097115,3.283295395,3.326590039,3.299358705,3.285048699,3.311163392,3.313014974,3.295365666,3.294712487,P1
3.203185054,3.191281371,3.215678473,3.192793241,3.209657302,3.212117638,3.201073709,3.20648567,3.216175023,3.217185874,P1
3.170605105,3.214112501,3.176444185,3.201516433,3.161918048,3.172537935,3.188849894,3.225852976,3.188997212,3.152014324,P1
3.258725169,3.289923186,3.283691834,3.285598746,3.281037538,3.270282114,3.271452748,3.282052524,3.27020424,3.273037454,P1
3.264236515,3.250365696,3.289552529,3.253639723,3.289639353,3.268156127,3.260955803,3.251860382,3.271210713,3.281966789,P1
3.270329034,3.331723403,3.280403933,3.348985617,3.296145987,3.313463078,3.322827406,3.326687286,3.30804705,3.328669865,P1
3.339529148,3.396531433,3.354372525,3.456084136,3.366313848,3.309031494,3.446616002,3.429154791,3.426086848,3.381875276,P1
3.2577376,3.285721214,3.350444436,3.262894789,3.283143178,3.317334582,3.233749099,3.279514669,3.234073146,3.309392317,P1
3.367018237,3.423943276,3.388090992,3.395886989,3.385243268,3.437673546,3.379486173,3.422490773,3.378984416,3.395846364,P1
3.301636365,3.288830263,3.315365206,3.307367433,3.332320352,3.334968616,3.311774675,3.285094141,3.316270406,3.352540734,P1
3.342369972,3.355359476,3.387286286,3.32141747,3.36434666,3.410519189,3.345108642,3.385661321,3.377047612,3.410161768,P1
3.201619948,3.224657484,3.197548473,3.225076827,3.198885778,3.19135968,3.222993272,3.2395045,3.218978929,3.187839525,P1
3.254915201,3.244414679,3.244806624,3.254376824,3.252834771,3.269184193,3.271288625,3.258059385,3.285701182,3.251258263,P1
3.301752456,3.180467948,3.244497206,3.212887205,3.295814334,3.262856068,3.268573745,3.206703967,3.295463165,3.270531715,P1
3.194697026,3.24628435,3.238797979,3.236028812,3.209749908,3.258669301,3.192426162,3.213343317,3.200681434,3.225476655,P1
3.306769515,3.365189906,3.383905196,3.343216376,3.356375821,3.385181889,3.338716161,3.377554295,3.343098311,3.378881353,P1
3.231944067,3.171076912,3.223737529,3.182633019,3.234906822,3.2521472,3.207354504,3.176574722,3.226906858,3.235677216,P1
3.265873717,3.248808608,3.202011079,3.225434349,3.223952013,3.239340299,3.237420732,3.249061047,3.249223035,3.195638073,P1
3.166502258,3.171657961,3.117478062,3.197339921,3.147037542,3.132256148,3.192604594,3.182395542,3.180897956,3.108296901,P1
3.263120243,3.301370716,3.261496426,3.291097403,3.274362564,3.28809871,3.286218493,3.307612606,3.29128629,3.257736887,P1
3.302091614,3.323047042,3.233152132,3.30268293,3.2732338,3.318638173,3.318041974,3.359129032,3.330195544,3.264626999,P1
3.305885612,3.18557729,3.287527805,3.1940439,3.272143243,3.23893384,3.23661745,3.198442458,3.274435831,3.246460198,P1
3.157076332,3.29813341,3.265477823,3.25949617,3.230655394,3.320059477,3.224955037,3.274525098,3.215032371,3.307793842,P1
3.170454374,3.104007431,3.121832001,3.106617118,3.160531649,3.192353108,3.129729339,3.109411592,3.140524821,3.134402795,P1
3.269332257,3.232810123,3.248970319,3.229105345,3.276461902,3.275140811,3.235197975,3.220465583,3.26026003,3.235210361,P1
3.418965488,3.41799322,3.419795692,3.395070925,3.418848721,3.478115328,3.416768865,3.449478873,3.440353518,3.434329199,P1
3.183661911,3.132590257,3.16517751,3.142426707,3.185658091,3.208371476,3.152901742,3.128657464,3.171838383,3.177852536,P1
3.166663314,3.34232687,3.223992295,3.320044908,3.204997749,3.285537223,3.24793346,3.324961818,3.211080166,3.263816891,P1
3.274692738,3.392003813,3.285797752,3.355358651,3.278635835,3.33141962,3.313665095,3.391402231,3.281858331,3.300969374,P1
3.193764423,3.159776478,3.163552735,3.186942454,3.20903537,3.199010632,3.216113506,3.17750256,3.229539225,3.194529388,P1
3.136904222,3.03059756,3.121689904,3.033221357,3.131542178,3.136994912,3.090870192,3.064692693,3.134528835,3.113604819,P1
3.152060166,3.253273829,3.109865136,3.224991516,3.132292127,3.178979724,3.19741154,3.259353527,3.186372696,3.13242136,P1
3.071771996,2.970052904,3.000769459,2.984529269,3.048829522,2.999798905,3.024486257,2.990970571,3.042086866,3.001864389,P2
3.02858051,2.979363404,2.992690271,2.991028763,3.006629905,2.9811651,3.025874399,2.994458533,3.029758146,2.971378678,P2
3.046441208,3.008467822,2.96327611,3.008744906,3.019695527,3.002965624,3.03262432,3.026004399,3.040261469,2.972755866,P2
3.094054256,3.007457087,3.082425065,2.993047603,3.096949456,3.074223167,3.033338176,3.005795922,3.065945406,3.071041485,P2
3.076604702,3.030913358,2.987799381,3.02464221,3.032662025,2.997611857,3.03415465,3.035048795,3.041602946,3.002008572,P2
3.034300144,3.064426531,2.973305346,3.040530292,3.003299396,2.991767875,3.033080676,3.059596786,3.02561416,2.976941585,P2
2.997817846,3.018358939,2.999772915,2.988057117,3.015609055,3.037749002,2.993416125,3.009836508,2.999876054,3.022627033,P2
3.058180558,2.972091967,3.012224723,2.956496101,3.033850537,3.008838579,3.000904977,2.986613721,3.020279626,2.989198159,P2
3.071918359,2.995526779,3.002530635,2.999659053,3.043866635,2.994282429,3.033502759,3.014066665,3.029220091,2.995085957,P2
3.042326961,2.994769185,3.019088572,2.997463962,3.05054282,3.045159553,3.035570773,3.011263308,3.047007603,3.040781057,P2
3.098395706,3.041390888,2.993807998,3.021152776,3.039403821,3.02350682,3.062674061,3.068582459,3.066529805,3.009727709,P2
3.05603646,3.043147847,2.974439844,3.046747834,3.032789858,3.004590769,3.064322464,3.06676255,3.060404988,2.989931992,P2
3.113758871,3.005627937,3.065458314,3.006994852,3.089299352,3.051912242,3.08254407,3.050500002,3.092855776,3.066664649,P2
3.078226615,3.018557669,3.057804073,2.987086996,3.0767731,3.036906609,3.026859513,3.028178485,3.042398162,3.034054095,P2
3.045766955,2.991436713,3.009448964,2.980363759,3.042072373,3.009705359,3.00969427,2.995573633,3.023522287,3.008489121,P2
3.07234303,2.977812074,2.971135914,2.977186547,3.04313076,2.989034078,3.026627364,2.990378705,3.041802625,2.980978311,P2
3.106979213,3.04642242,3.002996705,3.041031374,3.055279088,3.017079908,3.072797257,3.069028532,3.082751312,3.00549149,P2
3.093212657,2.999108059,3.02896741,2.975955955,3.049435591,3.033053487,3.010463666,2.995645367,3.038114613,3.008531647,P2
3.039542319,3.013078299,2.997481204,2.992046746,3.02281437,3.048415136,3.066193453,3.021774736,3.072796447,2.995144591,P2
3.094194604,3.017827138,3.063221166,2.991136655,3.07717143,3.054690092,3.03184599,3.01739554,3.06120385,3.033336192,P2
3.055430661,3.107609403,3.00349604,3.057763094,3.020481282,3.027592267,3.050509344,3.099645951,3.038678095,2.991611874,P2
3.098873688,2.920110264,3.077326601,2.930391922,3.110006534,3.100760601,2.979611171,2.905450675,3.028731307,3.107396955,P2
3.070897373,2.953467004,3.062826573,2.957121076,3.094121273,3.077410911,2.994513578,2.938275071,3.041129017,3.075427412,P2
3.053946501,3.056140265,3.006378556,3.022768084,3.023057038,3.035079899,3.020147945,3.043639411,3.01624396,3.016787844,P2
3.049151666,3.069296103,3.015747986,3.054855726,3.038687425,3.05167352,3.036374346,3.046271766,3.028547629,3.015322103,P2
3.079969155,3.041441303,3.026870003,3.049291036,3.055256857,3.01791747,3.071410647,3.052067403,3.074811381,3.014981645,P2
3.090046967,2.983849681,3.03987113,2.9797873,3.053628208,3.015393751,3.015149415,2.992963521,3.037756442,3.022641293,P2
3.053754243,3.0295946,3.031526878,3.015398548,3.052547929,3.028427394,3.028942937,3.018399865,3.039652173,3.011288961,P2
3.103383473,3.024643339,3.005608596,3.016547561,3.043560704,2.994647657,3.047997591,3.020110102,3.067951202,2.965357019,P2
3.04106316,3.013593673,3.011680043,2.992919843,3.018254477,3.008940027,3.011149428,3.003698584,3.022830189,3.005828402,P2
3.068170837,2.981782919,3.038491486,2.960408131,3.032849201,3.025733889,3.002956777,2.995385263,3.020628898,3.035169424,P2
3.061578192,2.983389632,2.98140496,2.982321511,3.009469936,2.941639754,3.038657592,3.00182774,3.057315116,2.965327134,P2
3.115305295,3.018028322,3.086482163,3.020801109,3.083006615,3.017441088,3.058584421,3.028041967,3.100838951,3.041760774,P2
3.029933419,3.021248273,2.951060779,3.037704007,3.037909594,2.96827494,3.055352753,3.021667245,3.045899663,2.932682824,P2
3.077082435,3.00751362,3.03765665,2.995145502,3.056167735,3.03923217,3.040875481,3.021069126,3.063206886,3.023799814,P2
3.116416218,3.019512632,3.031279518,3.01991547,3.06738193,3.022033337,3.052130265,3.024629788,3.06502782,3.020593393,P2
3.092734137,3.051990639,3.003719426,3.048417113,3.070133703,3.056575607,3.074041167,3.056841286,3.074497844,3.031254313,P2
3.09619367,3.023685523,3.038562653,3.014219821,3.058798308,3.023112132,3.060841513,3.03476737,3.076638199,3.03524668,P2
3.115706352,3.069664341,2.996514571,3.063220156,3.074462835,3.007841939,3.104626758,3.086007218,3.110207531,3.062444594,P2
3.013126543,3.048132583,2.936486296,3.0102398,2.970859018,2.998488509,2.989330765,3.016079953,2.984088914,2.959388498,P2
3.056362191,3.011625422,3.012801842,2.981433094,3.033623078,3.010955862,3.019526224,3.014544514,3.032721733,3.000321518,P2
3.027012974,3.054399755,2.963261713,3.027148335,3.012417762,2.982734018,3.023691535,3.051249488,3.011936208,2.97347806,P2
3.089007553,3.038155886,3.021963574,3.017856442,3.054299676,3.022864301,3.045988856,3.025394579,3.054770901,3.024190145,P2
3.106146076,3.001391227,3.012380422,3.021516688,3.086878905,3.009401831,3.089824335,3.0210466,3.092493151,3.033831989,P2
3.045685572,3.034003165,2.945334491,3.045038423,3.021084401,2.955499254,3.08153172,3.058379134,3.066348622,2.969944452,P2
3.022974563,2.983058968,2.966834127,2.978988883,3.008707718,3.005383105,3.006287772,2.993619884,3.008982859,2.998784681,P2
3.107691573,3.00201032,3.047514937,3.053710021,3.089322373,3.033444663,3.077443683,3.019920152,3.087190868,3.050976177,P2
3.035131727,3.000003518,2.973681056,3.000223535,3.033846449,2.956532942,3.022656589,3.001285001,3.036016558,2.979193073,P2
3.041675048,3.073858493,3.011956359,3.057996843,3.030781665,3.037154106,3.049644449,3.081138007,3.019426244,3.032991886,P2
3.035783195,3.004861598,2.985519979,3.000316369,3.029900996,3.023797338,3.024699566,3.018952682,3.023072513,3.018976031,P2
3.099520962,3.061809993,3.033236968,3.0483595,3.070752053,3.064556384,3.065275527,3.062065592,3.062908373,3.06760971,P2
3.056892052,3.055035399,2.984499056,3.057676442,3.023076914,2.972574897,3.066921617,3.070575803,3.04840649,3.0040054,P2
3.0277791,3.002589323,2.960724346,2.998612963,3.008843868,2.993342257,3.015529775,3.008664897,3.004927885,2.987774813,P2
3.04561745,3.065700689,2.988028145,3.06481645,3.02288704,3.002493839,3.052173011,3.070956215,3.034732591,3.004604287,P2
3.08054268,3.0163269,2.998319099,3.068251026,3.053832936,3.021993586,3.05161651,3.042453903,3.062365209,3.022046506,P2
3.092610606,3.021008344,3.05023155,3.010447396,3.087385238,3.030608141,3.057370048,3.03083004,3.083470726,3.048004406,P2
3.04436716,3.048689041,3.001888262,3.041943894,3.041364691,3.026735032,3.041972509,3.062389808,3.031082862,3.022039293,P2
3.103834092,3.053702782,2.967482397,3.054988991,3.047567468,3.001347269,3.098983365,3.089650939,3.0805846,2.987983208,P2
3.092934399,2.991850727,2.997971144,3.010080306,3.071881496,3.008944142,3.053586407,2.999563579,3.069523664,3.030816135,P2
3.060491028,3.006859105,2.992947889,2.997633442,3.037516606,3.053149469,3.032837033,3.014121882,3.032725933,3.034478404,P2
3.07525139,2.996626019,2.960250745,2.977212742,3.013448561,2.972527572,3.029973419,3.030810604,3.029221317,2.96108791,P2
3.122640862,3.042168983,3.074803844,3.030505747,3.094140714,3.057620222,3.072432298,3.050580961,3.08441088,3.084069086,P2
3.072466865,2.995930122,3.002104343,2.974805364,3.038735182,3.008349564,3.016596869,2.993878778,3.027637286,2.993539032,P2
3.039566702,3.016595831,2.990034459,2.996674277,3.022236237,2.982013411,3.009260896,3.010541949,3.014268805,2.977379827,P2
3.131704748,2.999949819,3.013126638,3.007249115,3.102738715,3.000378964,3.084208837,3.014740568,3.107700103,3.006851767,P2
3.104229219,3.078365871,3.010640679,3.082964011,3.052063575,3.009606715,3.073496566,3.066438609,3.063517369,2.999706223,P2
3.067188783,2.980950853,3.045412125,2.960463275,3.071970751,3.040736065,3.01131839,3.004884927,3.033746878,3.047907239,P2
3.062538019,3.008268375,2.989417925,3.003677385,3.025042131,3.005581913,3.03527433,3.035024511,3.023966468,3.004319444,P2
3.121201607,3.118742017,3.077398059,3.106830019,3.113414957,3.100704897,3.114905124,3.122087669,3.093467192,3.093710787,P2
3.082115929,3.104158909,3.069495762,3.070229059,3.084191975,3.068813389,3.071245414,3.08805561,3.071917566,3.067285309,P2
3.097386624,3.024384513,3.070306665,3.019026672,3.108421949,3.100139421,3.059933207,3.018774906,3.065440579,3.070469465,P2
3.139923704,3.031802319,3.027100715,3.024535036,3.098803725,2.989544646,3.093809127,3.045047574,3.106493784,2.993111232,P2
3.137631439,3.074201921,3.04372582,3.080661144,3.095614101,2.976311607,3.137828342,3.100280722,3.125461665,2.998068443,P2
3.032158163,3.094765959,3.082593798,3.066422219,3.079928123,3.127723723,3.062866153,3.062498313,3.037535965,3.112003675,P2
3.132094313,3.057651289,3.066928409,3.04008606,3.106643177,3.049190714,3.084808639,3.046711468,3.102722045,3.064295245,P2
3.124547777,3.108033203,3.10080522,3.10676794,3.151790401,3.141740289,3.118018335,3.082992391,3.116530794,3.117816037,P2
3.123466901,3.092367033,3.053336461,3.089007206,3.099688273,3.033703994,3.118784978,3.089716052,3.124694923,3.043616607,P2
3.090897095,3.036394153,3.039850753,3.036277665,3.073550201,2.985084189,3.070889265,3.045665557,3.083216813,2.988874699,P2
3.06145576,3.035535281,3.044433399,3.026930175,3.082888918,3.072359917,3.067287723,3.067847911,3.077507888,3.069983793,P2
3.204380576,3.128426646,3.100584158,3.135266773,3.170671595,3.094022949,3.172911912,3.126933601,3.164313846,3.103468824,P2
3.136172641,3.058422462,3.040461982,3.028194332,3.08028532,3.050739321,3.063397584,3.060275876,3.085034446,3.016854573,P2
3.09147232,3.066115706,3.093526117,3.070668576,3.109716407,3.116929692,3.062246794,3.041133893,3.063140597,3.084575415,P2
3.133126754,3.055462394,3.059287534,3.041089377,3.122337016,3.074229373,3.09198636,3.040390116,3.101688339,3.063688862,P2
3.105436156,2.994262196,3.032893674,2.964525792,3.088840967,3.046358647,3.038618408,2.985779335,3.063128962,3.035098017,P2
3.16055852,3.142452211,3.051000857,3.136992983,3.124501307,3.080181343,3.133342847,3.135266221,3.125939737,3.081580705,P2
3.14705422,3.052696234,3.066849175,3.0329719,3.123004384,3.05696592,3.094423657,3.046717726,3.114954128,3.052754221,P2
3.177687057,3.079263079,3.097235919,3.064544376,3.132897716,3.045030986,3.114286945,3.083419459,3.126953333,3.045463071,P2
3.115608555,3.064177004,3.046632131,3.077601881,3.116686532,3.055452207,3.126286858,3.07548831,3.127318936,3.062310633,P2
3.03604581,3.022840827,3.069779746,3.008495395,3.099009191,3.098240162,3.038388259,3.004468488,3.04649497,3.085595387,P2
3.125872401,3.096168116,3.092349659,3.098558475,3.14325936,3.142056013,3.11758184,3.071397033,3.106050898,3.128561563,P2
3.135384073,3.174782739,3.052243435,3.170636311,3.09331335,2.992971758,3.174059743,3.186981997,3.144637292,3.03246355,P2
3.108820233,3.057307599,3.084584421,3.063858212,3.118051502,3.088825881,3.093021905,3.037172831,3.084796695,3.080417785,P2
3.185920257,3.203791373,3.127869085,3.205670361,3.173206556,3.093623251,3.22135171,3.219378871,3.194039007,3.126269473,P2
3.156465363,3.083729098,3.056478972,3.094519697,3.116357696,2.979622409,3.148347591,3.108688907,3.145079187,3.009696537,P2
3.115840908,3.090446835,3.084400503,3.076825222,3.129357556,3.072813054,3.122551085,3.093024883,3.119057415,3.067505632,P2
3.1682707,3.135075879,3.12431006,3.138293352,3.189371057,3.106904687,3.182814108,3.139978316,3.185226479,3.132192025,P2
3.130464177,3.166597454,3.173280128,3.135047026,3.146279191,3.164756329,3.119587966,3.148510023,3.101136584,3.160020806,P2
3.210131561,3.057422092,3.148049604,3.088018079,3.220450258,3.09433008,3.185910958,3.084285836,3.199155601,3.141202272,P2
3.119269553,3.190311672,3.047918081,3.171165089,3.09102299,2.982730744,3.191349829,3.222208322,3.155791815,3.012364028,P2
3.125524054,3.149314665,3.088362024,3.124595762,3.120224571,3.040128509,3.154562,3.166763056,3.13205375,3.062463357,P2
3.125918311,3.164523812,3.169243336,3.121876597,3.133153387,3.15926372,3.123569104,3.152220152,3.129178261,3.15187509,P3
3.115110726,3.167172772,3.139000576,3.153041282,3.118617705,3.114842653,3.122289872,3.159010046,3.10525348,3.109542812,P3
3.224156907,3.260955426,3.178095636,3.275909065,3.196278529,3.173161429,3.244571979,3.245802317,3.228681011,3.171819113,P3
3.178855681,3.125013582,3.164792413,3.167062823,3.189032436,3.128072108,3.190373245,3.133884413,3.189191854,3.167224682,P3
3.067580829,3.110889392,3.131280174,3.099137472,3.087928983,3.110639578,3.068547375,3.088182037,3.06121776,3.126849378,P3
3.189372752,3.244039536,3.207676879,3.22202642,3.19216535,3.242111408,3.185738516,3.214112416,3.186837303,3.207897074,P3
3.219938772,3.252896251,3.223863707,3.276121609,3.219158114,3.168108419,3.258051084,3.252545761,3.231129094,3.202226416,P3
3.219888356,3.256271877,3.225860697,3.285515183,3.234841337,3.208641472,3.274688093,3.266196471,3.244308037,3.254327983,P3
3.180722177,3.250826618,3.207930787,3.264803339,3.208260356,3.210991875,3.234378223,3.230344905,3.205399452,3.232821399,P3
3.137468113,3.177837694,3.153625894,3.181177861,3.160251917,3.176590971,3.162272367,3.174067993,3.159908863,3.164556571,P3
3.124308301,3.175158543,3.146406188,3.157669495,3.148666138,3.162819744,3.137193853,3.164244066,3.134821986,3.145846091,P3
3.265913352,3.287165439,3.344296406,3.291660917,3.300127694,3.321735047,3.256111517,3.250965573,3.241724647,3.329420825,P3
3.272709331,3.276433276,3.255358043,3.28705481,3.274499258,3.265590422,3.281057035,3.265815214,3.267933687,3.268692512,P3
3.214298447,3.285359879,3.21007345,3.265954837,3.200725025,3.211198362,3.244255383,3.285944351,3.224728227,3.212503027,P3
3.237130453,3.174544122,3.31339694,3.171249512,3.254721259,3.228987654,3.209252239,3.191645424,3.229026388,3.282992525,P3
3.241035359,3.232480452,3.21966451,3.239278006,3.249075213,3.201940639,3.238376197,3.213574304,3.23699003,3.210395572,P3
3.117778897,3.079318831,3.152679641,3.073236134,3.122520658,3.106899231,3.098516139,3.081449865,3.115878861,3.11177168,P3
3.175117649,3.067047495,3.1555052,3.085025886,3.145952881,3.121742131,3.117616982,3.071703006,3.135197618,3.131601452,P3
3.140829763,3.090151361,3.142496836,3.125558736,3.148471591,3.118659166,3.123920937,3.078764892,3.119195531,3.136679925,P3
3.215058902,3.172094939,3.204549295,3.200614794,3.216078963,3.181026797,3.22002485,3.175353261,3.217240828,3.207118537,P3
3.19622376,3.299884292,3.200649228,3.316531287,3.202681204,3.182965724,3.278809357,3.297896527,3.248104579,3.203983882,P3
3.191122412,3.155967785,3.170970522,3.203436787,3.187252708,3.142676537,3.21231208,3.15997223,3.195912771,3.175243023,P3
3.244189053,3.230998808,3.299768944,3.228105245,3.267279422,3.291096152,3.221377693,3.220520648,3.22442261,3.286587665,P3
3.234502932,3.207671012,3.249023323,3.222192054,3.253180616,3.209611252,3.233875735,3.203092462,3.246763213,3.223884187,P3
3.185086204,3.167231723,3.156473567,3.182489627,3.171204431,3.156689715,3.166124446,3.144827052,3.16377586,3.152148318,P3
3.278005484,3.208695344,3.312548211,3.227654927,3.301477668,3.262224659,3.26830375,3.226939646,3.279596977,3.309144777,P3
3.230127029,3.314223558,3.267253866,3.301945066,3.243793353,3.286544231,3.260550136,3.291730713,3.23393824,3.273864353,P3
3.296707149,3.305068799,3.295623078,3.317314845,3.297731976,3.315110962,3.314031483,3.314132554,3.310091842,3.303596332,P3
3.220022208,3.242848726,3.237946634,3.228114499,3.216899508,3.229837922,3.212625379,3.213350923,3.222745085,3.20879899,P3
3.234006082,3.188865332,3.263908314,3.209000053,3.241180472,3.259526932,3.197776564,3.169558421,3.199388958,3.263459261,P3
3.165965577,3.287549268,3.240586203,3.272076589,3.177486563,3.217201409,3.200648005,3.26138598,3.164673992,3.226468346,P3
3.229314457,3.252732318,3.250235914,3.245686936,3.236472642,3.262059105,3.224130671,3.242490087,3.21962742,3.251492082,P3
3.248274482,3.289397801,3.257942165,3.273456484,3.245258535,3.245133418,3.24344091,3.256739091,3.223628049,3.225457586,P3
3.317064461,3.330695919,3.41992137,3.304143073,3.362890451,3.414695569,3.281262219,3.306915512,3.279851058,3.413101921,P3
3.256906947,3.241274657,3.267329012,3.252430164,3.266691948,3.230441311,3.264097315,3.243528516,3.265805079,3.261152832,P3
3.291308155,3.318773484,3.250088925,3.353652715,3.293943659,3.278655346,3.332399667,3.306058106,3.31490671,3.271334868,P3
3.19275279,3.232419162,3.233644273,3.240581838,3.209144118,3.188072114,3.223599639,3.226132198,3.201156706,3.209356889,P3
3.21781588,3.261446361,3.243405607,3.253407482,3.221039277,3.227448374,3.241909664,3.2632652,3.22892347,3.233400106,P3
3.302322195,3.316657285,3.259770293,3.346895778,3.275744219,3.230007786,3.34895717,3.335321372,3.337660688,3.235883983,P3
3.227985708,3.212919164,3.181681236,3.226454996,3.207467894,3.213490808,3.224955542,3.221022834,3.226302909,3.19620738,P3
3.16709563,3.220975512,3.206772608,3.186963029,3.156673858,3.237188177,3.157903339,3.222747568,3.151061717,3.200693457,P3
3.232639783,3.238893909,3.260456244,3.2307687,3.23647723,3.220821052,3.218191726,3.215929344,3.219379483,3.22769238,P3
3.272906076,3.254426852,3.295465461,3.257714408,3.280573282,3.258985183,3.271393549,3.246703289,3.281521123,3.262812184,P3
3.328942723,3.389866668,3.33139436,3.399740249,3.331167572,3.275423232,3.376967005,3.371844751,3.356376935,3.320147957,P3
3.214654552,3.207034247,3.198048648,3.201408733,3.215390128,3.231276656,3.204145965,3.193646964,3.208904975,3.216794782,P3
3.242379462,3.249361662,3.232059681,3.261169045,3.241336238,3.220510836,3.245633083,3.234112743,3.243395466,3.235540903,P3
3.202223063,3.322476622,3.196070028,3.321673472,3.204824332,3.196605103,3.271233924,3.308849726,3.223466794,3.196088291,P3
3.314700543,3.32252868,3.371618631,3.308552341,3.332434393,3.345012384,3.305706489,3.314713055,3.303201221,3.363017547,P3
3.204010477,3.191459304,3.241991201,3.162043206,3.20450679,3.235050851,3.16435604,3.197375176,3.170344228,3.218655949,P3
3.286284941,3.287529174,3.364602709,3.274582417,3.309879478,3.331032895,3.281812628,3.293272892,3.295578332,3.316500237,P3
3.237551144,3.20298869,3.257022705,3.208379908,3.276863021,3.28859822,3.22775014,3.198948187,3.239614487,3.290040629,P3
3.225398284,3.298742705,3.211494225,3.297136915,3.213129773,3.191352282,3.264603025,3.289068532,3.233907498,3.202797746,P3
3.319842319,3.325383187,3.299565669,3.340385333,3.31923843,3.268441711,3.331434036,3.304374471,3.317231944,3.280510281,P3
3.266219809,3.315317678,3.304565301,3.301162036,3.277352663,3.303236687,3.285739946,3.311865175,3.276621556,3.291802454,P3
3.300027183,3.23556163,3.273528214,3.254009304,3.291517568,3.228470351,3.284676713,3.248467798,3.293988853,3.250592154,P3
3.247545353,3.244039104,3.255664394,3.242675381,3.255964412,3.310561093,3.236034519,3.248639155,3.234132591,3.289079519,P3
3.132519104,3.195160853,3.147356909,3.19296103,3.129251462,3.145411589,3.15741819,3.18554266,3.136754857,3.132926411,P3
3.20935635,3.230952283,3.226396055,3.242319842,3.226930509,3.233998524,3.224298664,3.216821312,3.223282021,3.216965967,P3
3.351201648,3.26994516,3.266979182,3.287185337,3.306996227,3.233632991,3.334000834,3.289629686,3.351059041,3.236146791,P3
3.275111555,3.373262662,3.329881201,3.349218896,3.282153687,3.270208783,3.319777796,3.361327914,3.309557549,3.275683695,P3
3.25615726,3.246970499,3.265482806,3.240770075,3.260287225,3.281078363,3.242446401,3.238470423,3.237484157,3.259880796,P3
3.266094889,3.2799963,3.298627421,3.304031294,3.247050117,3.254328919,3.2549436,3.27654808,3.259410326,3.246238062,P3
3.309344941,3.281717563,3.274381996,3.293362918,3.295902736,3.248280349,3.305343062,3.291366225,3.307810482,3.250936645,P3
3.211417648,3.2540789,3.221714799,3.219945702,3.197126885,3.194641901,3.203132002,3.247349994,3.198652423,3.185295708,P3
3.366346969,3.286799928,3.323218095,3.313976159,3.343666603,3.287672356,3.32867571,3.275889847,3.330692731,3.320358945,P3
3.352288085,3.289833266,3.376357941,3.287204108,3.346698739,3.349414695,3.30938574,3.280547442,3.316703927,3.345273395,P3
3.322622385,3.303101147,3.317797932,3.294038149,3.32346469,3.32669248,3.311207851,3.295280651,3.317867061,3.31642825,P3
3.422432672,3.34656149,3.437114419,3.35322575,3.437994545,3.433294789,3.375605137,3.328973288,3.401186067,3.427480479,P3
3.180902489,3.240638223,3.143227725,3.220314731,3.164168537,3.171132806,3.193632345,3.209451361,3.187450112,3.144282542,P3
3.166009885,3.224274206,3.189516995,3.209545511,3.173693777,3.200789757,3.17405548,3.198281488,3.167729955,3.197134512,P3
3.269990296,3.211109345,3.273855555,3.238676153,3.289829009,3.265064719,3.255330228,3.202481346,3.269193905,3.293076179,P3
3.214654029,3.256724331,3.20119889,3.247931095,3.18979655,3.167131719,3.223510532,3.254139524,3.211332553,3.181872118,P3
3.276015545,3.262785318,3.269824316,3.239660211,3.262104131,3.242927565,3.253887822,3.244479544,3.271837107,3.240721051,P3
3.402211008,3.367480873,3.417752469,3.386493429,3.398206234,3.371451713,3.386830291,3.368012039,3.382040182,3.395819219,P3
3.294801138,3.332302342,3.400079089,3.297566956,3.33633518,3.388356416,3.281684755,3.301734622,3.290671226,3.352706853,P3
3.258530106,3.235916679,3.317076554,3.238438047,3.291725697,3.272064303,3.264501817,3.250984585,3.281168222,3.288694402,P3
3.201030216,3.276942433,3.246297761,3.275135603,3.230413712,3.251972544,3.232716858,3.253845652,3.217304964,3.24188343,P3
3.165522153,3.146573061,3.186301638,3.125712997,3.169589103,3.200846106,3.127061993,3.126826324,3.145505375,3.167243933,P3
3.285736663,3.396574057,3.340648621,3.357786508,3.277381728,3.323352679,3.307321001,3.385088441,3.282747747,3.312818069,P3
3.284705483,3.266928837,3.302790971,3.256631619,3.285373031,3.321360019,3.265010732,3.273922481,3.275465226,3.322602577,P3
3.252312116,3.251718546,3.292262856,3.252946593,3.272843515,3.265162562,3.246984387,3.230006299,3.258971212,3.273240609,P3
3.346399709,3.286037148,3.325271515,3.302352589,3.357118718,3.332799776,3.324565305,3.259671231,3.34668894,3.329915706,P3
3.221214819,3.168225798,3.227551987,3.163849992,3.209422493,3.208532304,3.184148596,3.160164303,3.213799653,3.232619509,P3
3.22611195,3.194101101,3.301818549,3.172939502,3.239397702,3.272139546,3.172348119,3.174905515,3.194096412,3.269132395,P3
3.157004147,3.222735912,3.219614972,3.19804733,3.180649975,3.237763044,3.166518493,3.201239169,3.160326711,3.211944163,P3
3.210249458,3.216241712,3.260627028,3.219877567,3.234520642,3.232869406,3.228543729,3.220020468,3.23463953,3.249261571,P3
3.225085957,3.166914934,3.199635649,3.190832395,3.213148574,3.164406709,3.218030419,3.16655276,3.229342439,3.17326047,P3
3.332443015,3.316495466,3.30265877,3.326181506,3.328200767,3.287172912,3.348933536,3.330146925,3.339057873,3.314183912,P3
3.268349655,3.336207578,3.343995006,3.336385378,3.322649483,3.3527002,3.308468892,3.327691012,3.302170066,3.343748139,P3
3.289342324,3.305538202,3.309185355,3.314130151,3.301703058,3.288898793,3.314438697,3.308579506,3.317684949,3.31010788,P3
3.150479566,3.192899606,3.098475229,3.176591379,3.113766195,3.118542976,3.164748984,3.188224338,3.160912679,3.095251066,P3
3.272586069,3.374171855,3.267672189,3.371746357,3.259866584,3.279320203,3.319315614,3.348915638,3.291650037,3.28303907,P3
3.189615368,3.235405658,3.220203689,3.221021907,3.199499291,3.237692812,3.204194147,3.219559396,3.201473051,3.221797347,P3
3.149992947,3.263234933,3.215944913,3.196468992,3.150929118,3.246439538,3.152758646,3.233837962,3.142680614,3.203090421,P3
3.243787003,3.176641445,3.210612885,3.193587948,3.235961206,3.230687105,3.218526425,3.187264017,3.242668744,3.213787795,P3
3.287406412,3.226920215,3.318828571,3.212446651,3.286628948,3.301953507,3.239575244,3.241967273,3.260980852,3.293908154,P3
3.25432327,3.276132793,3.263652831,3.268633912,3.241268209,3.272121355,3.246309049,3.272010568,3.250590574,3.248996517,P3
3.268152658,3.269076218,3.234674257,3.282245567,3.254762103,3.228670971,3.282582924,3.260620932,3.289927609,3.236707458,P3
3.144191452,3.150134402,3.171050514,3.159715377,3.150226692,3.146879126,3.149405497,3.14558163,3.13890081,3.164584901,P3
3.317712825,3.279381046,3.405814495,3.28287401,3.34962986,3.349660437,3.291637232,3.271115338,3.306407948,3.370554229,P3