5.176396217,5.284139322,5.432126383,5.330689757,5.3765391,5.399002937,5.385157224,5.424518256,5.503062256,5.646051398,Healthy
5.036897326,5.45600056,5.225227684,5.43459242,5.141710483,5.38395922,5.269052479,5.50779861,5.237523149,5.458458398,Healthy
4.851945695,5.133065352,4.937330656,5.118783667,4.894536142,5.049959374,4.999921015,5.182797594,4.968838517,5.034412742,Healthy
5.494321124,5.48295371,5.71671729,5.548536752,5.69265433,5.914099722,5.605779987,5.59261113,5.718196499,5.96738811,Healthy
5.015215785,5.163784451,5.152484388,5.194130663,5.145902015,5.275489493,5.177477677,5.273045573,5.256201261,5.420868896,Healthy
4.771590416,4.857583481,4.935807721,4.853852766,4.888792192,5.122251479,4.846453952,4.913068786,4.914602579,5.107124238,Healthy
5.435585413,5.462994361,5.701921673,5.509046687,5.626876267,5.776412705,5.587658741,5.628575862,5.727763681,6.029214657,Healthy
5.01870968,5.162902913,5.055354703,5.22253728,5.052879149,5.115553978,5.157131365,5.263724172,5.185817648,5.210659763,Healthy
4.901350285,4.907979231,5.071603842,4.90195808,5.003122444,5.129991543,4.952350002,4.999582031,5.042145788,5.193427011,Healthy
5.19812506,5.22597728,5.468854579,5.281893051,5.389847008,5.569625069,5.346656319,5.370657045,5.43385219,5.772777504,Healthy
4.725133548,4.671208841,4.759375028,4.668592166,4.727562135,4.889530192,4.664411554,4.713002417,4.719476366,4.914521611,Healthy
5.12041436,4.956919249,5.340545457,5.05203353,5.304602582,5.413242501,5.163698979,5.11220471,5.285292558,5.547469652,Healthy
5.228647814,5.464660801,5.308159791,5.519262986,5.353298796,5.394888373,5.474570994,5.552367747,5.511709391,5.599881927,Healthy
4.945861925,4.843465747,4.956356408,4.92428745,4.968522119,4.941665321,4.994416958,4.959328887,5.10945476,5.134819132,Healthy
5.013457659,5.143751443,5.086809926,5.130511273,5.050619105,5.198770722,5.119276048,5.250600363,5.180592783,5.232894634,Healthy
5.33174026,5.214732226,5.469575397,5.329670065,5.517144858,5.50594751,5.415801249,5.350756191,5.520889227,5.676222057,Healthy
4.867719295,5.116870071,4.957311633,5.103190088,4.867077545,5.069437216,4.972298001,5.159558434,4.956962702,5.045741498,Healthy
5.396369225,5.40521066,5.620613514,5.381877378,5.530061466,5.83580847,5.398355282,5.49909107,5.500528237,5.830220806,Healthy
5.134161337,5.342838659,5.390554505,5.349644383,5.297102944,5.52739956,5.290780488,5.433635,5.341881731,5.612076143,Healthy
4.967981707,4.996766479,4.980730426,5.004905563,4.963228989,5.036669033,5.012621661,5.087444914,5.078809394,5.087954472,Healthy
5.3288372,5.733307199,5.492935888,5.792332676,5.501972971,5.657880503,5.66289539,5.829574828,5.668539235,5.823226091,Healthy
5.289013019,5.444102202,5.510525128,5.507293015,5.492607857,5.572554426,5.524270694,5.571129949,5.616560071,5.920615472,Healthy
4.712957559,4.871631348,4.805762552,4.884168289,4.786356276,4.881079798,4.8241886,4.90061127,4.815825712,4.922132642,Healthy
5.439499357,5.629299795,5.48150874,5.720382352,5.597170386,5.690992608,5.696212558,5.743796837,5.732876243,5.815664865,Healthy
5.082475588,5.460082305,5.357500829,5.395773684,5.260270692,5.58657807,5.294144101,5.507748431,5.323309196,5.608254191,Healthy
4.7026777,4.757779208,4.787202831,4.767366763,4.787887501,4.904888058,4.778147303,4.836948425,4.851453161,4.934295648,Healthy
5.485863223,5.857677149,5.710688147,5.911567776,5.684820365,5.818667893,5.854085005,6.035329138,5.871973228,5.962990417,Healthy
5.112030084,5.270690131,5.216892981,5.34611245,5.210478593,5.300703955,5.327384793,5.408427497,5.372338441,5.473574571,Healthy
4.727806262,4.880885798,4.818406075,4.857647194,4.7804693,4.893133732,4.838859124,4.975117254,4.93777618,4.948725207,Healthy
5.583384716,6.038425748,5.678397306,6.171353418,5.778828095,5.740781058,6.102156593,6.203243537,6.095281226,6.054060829,Healthy
5.365864083,5.403114382,5.534102818,5.52375912,5.545904958,5.538714947,5.565900795,5.560206007,5.702917491,5.85956128,Healthy
4.770603665,4.94565787,4.926839953,4.965878633,4.898583845,4.979018411,4.953027105,5.06576589,5.003398908,5.089790963,Healthy
5.567174869,5.895461733,5.883743655,5.955803741,5.849576721,6.067943715,5.89776138,6.018776435,5.925906262,6.191113188,Healthy
5.145131017,5.260994961,5.303896929,5.317629319,5.28166753,5.355128403,5.341037789,5.422672795,5.449014776,5.590635907,Healthy
4.92117862,5.029060462,5.218394362,5.033526679,5.114580921,5.323146995,5.051153298,5.147147886,5.141161351,5.419588416,Healthy
6.077091863,6.088242081,6.601328775,6.162013748,6.448643125,6.564644372,6.261737159,6.309244457,6.413624075,6.856196095,Healthy
4.964861078,5.068295819,5.162092386,5.099927466,5.098463875,5.297688667,5.06623674,5.158767313,5.153802303,5.365566844,Healthy
5.054707286,5.138900104,5.249614258,5.222155001,5.226212282,5.389830762,5.223713148,5.262211975,5.299517946,5.448144687,Healthy
5.636470092,5.949152558,5.910658721,6.029820085,5.939926995,5.954785055,6.063002899,6.145739014,6.092977151,6.106237933,Healthy
4.875087947,4.912250175,4.976799794,4.991744648,5.008087646,5.04731007,5.002743176,4.996734129,5.113936914,5.185543023,Healthy
4.986503318,5.179303488,5.278186821,5.155821329,5.165215461,5.428002244,5.11401184,5.293540558,5.203902224,5.471942281,Healthy
5.325322152,5.719100932,5.610612185,5.736323934,5.521942997,5.729023098,5.666249661,5.842786932,5.678736215,5.891993537,Healthy
4.806027414,4.830632979,4.941647065,4.849209132,4.893326018,5.131469363,4.814494972,4.902050259,4.849061941,5.081199233,Healthy
5.384508438,5.453356985,5.635044642,5.519317407,5.569795797,5.650495945,5.551202237,5.611036545,5.695308641,5.893061214,Healthy
5.557538747,5.681327096,5.847672203,5.756042075,5.795809346,5.905606859,5.772463372,5.832074219,5.886353128,6.12283424,Healthy
4.557545274,4.704058951,4.620300208,4.705549093,4.60187713,4.78308928,4.622564374,4.719050851,4.600737418,4.712927403,Healthy
5.291155444,5.360247578,5.53780862,5.482785157,5.568714363,5.66573466,5.518845676,5.476473332,5.606645359,5.79572798,Healthy
5.26472526,5.040863311,5.496560228,5.151422973,5.476676192,5.463648404,5.312587708,5.197564835,5.529373342,5.66983305,Healthy
4.654003452,4.651711682,4.6174451,4.715195818,4.685838308,4.645763802,4.741954582,4.761628872,4.818898154,4.709376468,Healthy
5.269660041,5.608263479,5.487362843,5.623147653,5.437863049,5.594347919,5.564657698,5.73086684,5.581236292,5.735068409,Healthy
5.192179027,5.269145706,5.497940084,5.357113814,5.434118189,5.618989413,5.373127229,5.42363913,5.501184022,5.820120184,Healthy
4.603574184,4.720450411,4.663290247,4.700500357,4.655341404,4.750874912,4.720948193,4.825207203,4.787886617,4.803262527,Healthy
5.023524994,5.294166923,5.222977746,5.347561465,5.2377014,5.326262431,5.299501155,5.359290351,5.389150773,5.449696758,Healthy
5.355691035,5.32975355,5.594819026,5.425970947,5.531164911,5.545340621,5.571607683,5.543011059,5.753349421,5.819885526,Healthy
4.715207131,4.82139367,4.860743986,4.817368875,4.779671785,4.924477688,4.776741484,4.890083473,4.806420172,4.949617661,Healthy
5.431521876,5.752915847,5.679563083,5.858679927,5.708401318,5.854458635,5.802567428,5.908293097,5.855778369,6.112766518,Healthy
5.163968273,5.232576719,5.335362442,5.327854751,5.328501594,5.388698498,5.362786967,5.391196331,5.462210762,5.544356673,Healthy
4.645921614,4.80677511,4.632707461,4.818426002,4.670743216,4.732363932,4.767820899,4.880955842,4.780295365,4.757579831,Healthy
5.538809203,5.648714362,5.85046595,5.787484707,5.816936179,5.86431955,5.817744541,5.832614701,5.885449794,6.096106401,Healthy
5.109221614,5.166276129,5.31692605,5.242729596,5.305821473,5.265351558,5.30337096,5.300282673,5.446389168,5.54933044,Healthy
4.922303606,4.86988102,5.056820847,4.976093823,5.094252154,5.240784324,5.010280247,4.971793917,5.105838314,5.293477698,Healthy
5.54288338,5.443850444,5.65963726,5.590310689,5.754458198,5.696588906,5.721093437,5.644792677,5.860654211,5.920910099,Healthy
5.245769858,5.586301365,5.348015226,5.641130033,5.371208334,5.403128148,5.591587623,5.758939999,5.597747559,5.611088625,Healthy
4.911976555,4.911973994,5.089005011,4.943332879,5.028025452,5.197472362,4.933062369,5.001616337,5.025708978,5.236165635,Healthy
5.230005689,5.505929816,5.543591613,5.529209467,5.506103272,5.698390415,5.479061714,5.591348549,5.516759848,5.980573654,Healthy
5.193196951,5.021084842,5.462019342,5.122651591,5.381353848,5.297603338,5.27528508,5.210419058,5.493574675,5.615349972,Healthy
4.951255486,5.045778981,4.982093891,5.058214006,4.999885659,5.197584054,5.018903953,5.114887149,5.073498748,5.196552219,Healthy
5.250558989,5.579151753,5.473551895,5.603902972,5.42136751,5.606003203,5.557377579,5.731851042,5.565327986,5.745258304,Healthy
4.747947911,4.901207389,4.836230855,4.884637443,4.779213345,4.874223779,4.82573568,4.984857638,4.866609955,5.007442512,Healthy
5.027174563,4.91811008,5.141018599,4.967683304,5.118764391,5.209122945,5.038559129,5.027191034,5.172869453,5.323977229,Healthy
5.150547955,5.713621378,5.534007117,5.676410987,5.407302041,5.736757861,5.554903036,5.85664604,5.527119618,5.816380493,Healthy
4.714125119,4.791122023,4.823380676,4.860810078,4.843519526,4.819965691,4.901040722,4.922671015,4.963891405,5.009844696,Healthy
5.213730071,5.307907681,5.360791114,5.339213981,5.425256146,5.561085389,5.404739971,5.436767126,5.509513676,5.627180668,Healthy
5.498230301,5.69344217,5.805783509,5.760002141,5.799142291,5.889991221,5.779405221,5.817661662,5.884740522,6.104623783,Healthy
4.595708547,4.65294776,4.642967032,4.654402366,4.647694822,4.704828072,4.644179968,4.70836619,4.731067602,4.788707704,Healthy
5.181520868,5.2581223,5.449086754,5.317008947,5.409346601,5.545628959,5.345988285,5.390223756,5.435324144,5.65289305,Healthy
5.303206925,5.566721833,5.486949407,5.640710287,5.490274195,5.690007479,5.557225045,5.648989035,5.62221521,5.811120873,Healthy
4.588185008,4.640210265,4.571500776,4.73172292,4.653964386,4.63145911,4.789470704,4.758549113,4.837476758,4.705802054,Healthy
5.095716897,5.326214915,5.171537899,5.403242892,5.261553004,5.341770365,5.403656443,5.45969863,5.442887072,5.443216933,Healthy
5.129878049,5.226997987,5.364668871,5.2284912,5.248489507,5.407034389,5.261242539,5.40990922,5.374010709,5.556001395,Healthy
4.742715137,4.829545765,4.859651084,4.82755725,4.833821183,4.951786615,4.83832282,4.911991441,4.914905543,5.13155358,Healthy
5.094689985,5.359211069,5.511999469,5.363920319,5.356357913,5.633889298,5.329029344,5.452124798,5.415107423,5.73668697,Healthy
5.006356459,5.346619837,5.21373518,5.417989452,5.180780692,5.232555906,5.377382266,5.507577759,5.396710393,5.428289436,Healthy
4.748614335,4.73427437,4.804667663,4.759292712,4.816344397,4.96893849,4.776549839,4.81500952,4.861174419,4.985308025,Healthy
4.998215316,5.327876581,5.26311033,5.390515906,5.249860213,5.462591882,5.338450079,5.442221135,5.351848525,5.600603096,Healthy
4.967361613,4.863010309,5.278146146,4.922026052,5.188517239,5.275864001,5.013812463,4.989906237,5.178793317,5.455302384,Healthy
4.594933042,4.827361814,4.754688116,4.843298319,4.708189528,4.75489937,4.828481739,4.937684506,4.863446266,4.841511063,Healthy
5.680275725,5.690518414,6.008800581,5.855169773,5.965476433,5.965608022,5.918851743,5.879869583,6.022746669,6.227166013,Healthy
4.829163721,5.126207855,5.145793589,5.084048627,4.993089813,5.258996028,4.989850832,5.216356458,5.049223881,5.284473198,Healthy
4.74986084,4.871382933,4.954662371,4.877810963,4.854361795,5.0267337,4.867236544,4.98231801,4.903094827,5.068968456,Healthy
5.241565502,5.308670479,5.403571881,5.469984059,5.511818206,5.406585842,5.552686683,5.475677362,5.63636289,5.666903331,Healthy
5.212512332,5.467720813,5.521741715,5.506220468,5.43525575,5.601825569,5.46237774,5.597756614,5.570436023,5.839066778,Healthy
4.639601765,4.864818046,4.74913897,4.84402325,4.694851238,4.877126178,4.781093385,4.935809077,4.776439931,4.873532286,Healthy
5.07797308,5.071486567,5.255869144,5.176799846,5.252170716,5.290692781,5.226799641,5.216480116,5.295706108,5.440631621,Healthy
5.018444996,5.107873434,5.245537208,5.184359378,5.223024166,5.26100994,5.190186477,5.20314219,5.279093498,5.43029963,Healthy
4.736435705,5.023236419,4.893055193,4.967650327,4.832428433,5.096595398,4.903250011,5.095536083,4.923144379,5.029970079,Healthy
5.426508967,5.809845178,5.677251748,5.840554177,5.648833062,5.767651939,5.817914309,5.97294142,5.841059482,5.932866185,Healthy
5.125841589,5.338214711,5.474897168,5.368748489,5.363611191,5.440299884,5.38334731,5.492874421,5.448856997,5.683774006,Healthy
4.797565653,4.788849992,4.929020153,4.851146879,4.89763456,4.997288147,4.866384122,4.90321439,4.962442579,5.08832091,Healthy
5.392839989,5.694344676,5.788549533,5.671238469,5.676024532,5.933865321,5.66360256,5.822988196,5.76455063,6.11965662,Healthy
4.088131859,4.006425277,4.159299191,4.017759253,4.242449035,4.259178271,4.1293619,4.046688857,4.184282945,4.269806286,P1
3.930541197,4.067141594,3.952272399,4.06501792,3.986237313,3.996216316,4.078844621,4.146488096,4.045283549,4.000592377,P1
4.207455028,4.266604381,4.264825392,4.252732001,4.301608436,4.337892669,4.343310246,4.395590865,4.351986091,4.375630458,P1
3.979370198,4.044724515,4.196641957,3.95679584,4.163306826,4.366819257,4.003421819,4.055203757,4.065078955,4.349194824,P1
3.926554014,4.001789881,3.964484759,3.99191777,3.999940133,4.05261663,4.021492397,4.059607954,4.03330886,4.070469496,P1
4.178320973,4.13918142,4.209436364,4.176411085,4.309843688,4.197647826,4.313231903,4.282023672,4.366658926,4.245076126,P1
3.949575065,4.087720108,3.897523271,4.075072082,3.998384238,3.995995027,4.122168672,4.201163767,4.114619386,3.996431183,P1
3.977281252,4.033048638,4.019859913,3.993184681,4.032766562,4.071590429,4.066243989,4.104098516,4.083715649,4.066798519,P1
3.836439178,3.960457775,3.93581648,3.9088989,3.934962452,4.055796924,3.911923429,3.995210932,3.909962997,4.023501038,P1
3.885431871,4.020869212,4.032465214,3.96443876,4.00759313,4.141077509,3.960713794,4.055706001,3.970320723,4.118590251,P1
3.85946403,3.790551253,3.875047579,3.784218673,3.942826643,3.886148577,3.908729677,3.851367394,3.99192544,3.902117154,P1
3.949350993,3.891096619,3.99675401,3.898940501,4.043128189,4.136585663,3.971386111,3.928055021,4.009937512,4.090281457,P1
3.88144096,4.035452074,3.996531109,3.950015163,3.975666788,4.17233462,3.940602719,4.034759419,3.953200369,4.126198351,P1
3.875343591,3.924427054,3.974080839,3.881243653,3.970836344,4.078865927,3.916118476,3.969489496,3.934847629,4.050033992,P1
3.833861485,3.894355717,3.832390305,3.838465144,3.847668065,3.850406021,3.877584953,3.965143082,3.894992986,3.864136576,P1
3.867522487,3.920498902,3.918981353,3.936412746,3.959392253,4.064701229,3.97991125,3.978731672,3.971409526,4.036108169,P1
4.345013393,4.149121488,4.253831781,4.217906869,4.401089338,4.109655566,4.446274029,4.303704077,4.544601447,4.20486114,P1
3.934408446,4.090194397,4.030717073,4.04344557,4.038212504,4.198998166,4.018909925,4.099537011,3.998730843,4.125579426,P1
3.983219708,3.966643098,4.07013967,3.945136238,4.093759101,4.150501556,4.027786133,4.054431388,4.064543952,4.170454235,P1
4.031158952,4.099547472,4.149339223,4.088624399,4.184771657,4.305142886,4.116427011,4.091304808,4.136252561,4.26740306,P1
4.069364173,4.046634288,4.071746293,4.10318977,4.165487584,4.123615806,4.149071121,4.051064429,4.129036871,4.125744295,P1
4.075192285,4.029073993,4.076064013,4.025363275,4.128489672,4.091517845,4.156440921,4.120055913,4.1950348,4.122045299,P1
3.9150599,4.139583476,3.988999403,4.082645719,3.958441709,4.042367722,4.054984498,4.191522104,4.009609792,4.025390037,P1
4.022099351,3.886223812,4.020696263,3.931526179,4.086520624,4.061308058,4.033531197,3.919916831,4.067001074,4.100873877,P1
4.112689153,4.254606039,4.312405237,4.216997044,4.302021318,4.400364502,4.242224397,4.279969921,4.246683804,4.440451701,P1
4.180380736,4.06701145,4.198007243,4.11343474,4.326526885,4.276010953,4.300526837,4.177520104,4.357072707,4.262997497,P1
3.910451241,3.907456544,3.93137583,3.894191134,4.012261825,4.104627214,3.953810461,3.923592926,3.997994379,4.049357778,P1
4.096470929,4.121286442,4.102570037,4.104302603,4.170592885,4.185285678,4.166420603,4.187658638,4.170658588,4.19348756,P1
4.071462146,4.0198147,4.110444261,4.062027619,4.236620078,4.205162809,4.176010252,4.096086771,4.194933035,4.238751653,P1
3.949753458,3.917764326,4.006176026,3.915399741,4.043772243,4.072118513,3.990796315,3.990776909,4.035884521,4.077619535,P1
4.14934833,4.105268922,4.098866309,4.169511042,4.189461201,4.134573521,4.230585781,4.171782422,4.243962618,4.169308925,P1
4.12302216,4.143390839,4.111655012,4.165241479,4.179542418,4.200869832,4.240368932,4.216040194,4.245121911,4.234064438,P1
3.836379354,3.874994002,3.846039022,3.880274591,3.892722657,3.849573557,3.927226037,3.908436638,3.937225122,3.886851947,P1
4.132555871,4.273774128,4.2333786,4.238642558,4.201527413,4.224850887,4.224608095,4.287293011,4.19752952,4.245999843,P1
4.329571775,4.614459283,4.393654217,4.570069149,4.434830147,4.547556056,4.532376547,4.640381705,4.503198199,4.539393424,P1
3.898960834,3.904994447,3.928235914,3.890308091,3.945433602,3.894616384,4.016668394,4.039668749,4.061999289,3.908946429,P1
4.000579918,3.978200094,4.080320726,3.980884828,4.06482347,4.045011022,4.045651868,4.032332557,4.064371378,4.098485775,P1
4.306604172,4.35186546,4.376789195,4.332960856,4.413151257,4.488778421,4.398278553,4.392318336,4.428104077,4.509437342,P1
4.211961921,4.31820302,4.165585398,4.312298887,4.248207011,4.312189157,4.311094427,4.39240933,4.309717247,4.311580544,P1
4.013679771,4.020743264,4.030652799,4.01569435,4.091472169,4.097690113,4.087671716,4.084100348,4.12602219,4.144888413,P1
4.159480024,4.288975881,4.162801208,4.260318975,4.242534284,4.352204573,4.290446071,4.363271399,4.262701896,4.315039858,P1
4.193119737,4.286560158,4.101452623,4.329006213,4.253476259,4.22867299,4.338467248,4.328904417,4.308547354,4.231885473,P1
3.966667806,4.056875106,4.105965857,4.03306171,4.081608257,4.133376865,4.048454754,4.065882138,4.031933585,4.188286566,P1
4.217853228,4.311365472,4.33899494,4.283540373,4.352885777,4.408782995,4.342893302,4.359968387,4.340747482,4.403914606,P1
4.032885911,4.23098399,4.152662393,4.117834596,4.120986049,4.351472698,4.089312101,4.218485455,4.098189157,4.316562726,P1
4.159766241,4.180640745,4.150669527,4.199668814,4.210797211,4.153467505,4.272849531,4.264886987,4.284256502,4.243400665,P1
4.376254014,4.394206577,4.334952972,4.437235843,4.486874675,4.424268128,4.536813391,4.459655683,4.549592879,4.479197251,P1
4.120679385,4.277505437,4.13533333,4.242626395,4.199432471,4.285599686,4.270791986,4.338394643,4.290475076,4.265276366,P1
3.897348978,4.048497085,3.961299036,4.013963772,3.95283577,3.976291665,4.025875842,4.118983738,4.012880485,4.005011975,P1
4.501781086,4.466936009,4.418801155,4.522322689,4.564163903,4.422840434,4.625147302,4.576920453,4.636329897,4.510321413,P1
4.201944075,4.405634811,4.368879473,4.375898195,4.342720803,4.463924931,4.372527911,4.436670836,4.342006032,4.500614488,P1
4.157543528,4.267645497,4.209512516,4.266124899,4.27308235,4.336829578,4.276830793,4.288107827,4.273548576,4.298479267,P1
4.28346283,4.340104982,4.296172201,4.360545313,4.386368905,4.38426837,4.419926017,4.415453118,4.433798147,4.428021411,P1
4.085660948,4.250338567,4.225748578,4.177983366,4.201744422,4.300678117,4.214816449,4.329206517,4.212147601,4.330538463,P1
4.037637934,4.202993431,4.059142095,4.145040229,4.057143109,4.130556969,4.165546428,4.28210536,4.156101668,4.11214171,P1
4.35111123,4.36754194,4.518078727,4.381677712,4.47681882,4.425495615,4.456260612,4.420460127,4.43429722,4.521793499,P1
4.179472798,4.245273949,4.131920778,4.214345968,4.2228733,4.250140531,4.279856231,4.331651224,4.273814402,4.236653665,P1
3.947792109,4.167405974,3.997870015,4.109371071,4.012460236,4.076033424,4.092168085,4.21431178,4.096303148,4.114136863,P1
4.315751781,4.30071637,4.289717918,4.357398769,4.418458043,4.378603006,4.434877682,4.350726825,4.469780923,4.425314687,P1
4.451070504,4.464387405,4.524270616,4.481074099,4.596137325,4.539268851,4.56453035,4.481438015,4.606355565,4.61393479,P1
4.140415019,3.954723345,4.168609115,4.007010044,4.252108732,4.147916208,4.171934858,4.053127236,4.244557492,4.187049563,P1
4.102164746,4.049761423,4.117249972,4.131418551,4.244373687,4.239653866,4.206732691,4.088274966,4.234665929,4.269951735,P1
4.007801605,4.052362607,4.052947836,4.070345393,4.111557087,4.091181829,4.12358203,4.137200051,4.121101449,4.126977829,P1
4.037999161,4.313731684,4.144552415,4.208133976,4.124173097,4.313322847,4.128405692,4.290294384,4.102680359,4.24784472,P1
4.146166557,4.192847969,4.160774634,4.2312634,4.228178441,4.220971914,4.240898044,4.22279519,4.245661069,4.256825105,P1
4.142539626,4.133456135,4.22615627,4.116423599,4.249157372,4.268159608,4.215759417,4.220909948,4.239590432,4.308552389,P1
4.086577706,4.258505475,4.104607267,4.232884142,4.164083584,4.321801412,4.197634995,4.282576509,4.165787135,4.402532019,P1
4.161753754,4.15264866,4.274362679,4.162119692,4.257946204,4.288745417,4.238713667,4.239869436,4.285562504,4.289843997,P1
4.243864428,4.248738486,4.265612703,4.252716825,4.356623664,4.284724658,4.376738978,4.357309531,4.427375038,4.35156906,P1
4.085746478,4.305932436,4.187123698,4.179947859,4.155152367,4.278116854,4.175880966,4.354997406,4.211603896,4.221689074,P1
4.101114452,4.18631487,4.157956852,4.122487475,4.134157681,4.316797974,4.131262118,4.230786399,4.156344655,4.260562257,P1
4.088712045,4.172989767,4.117336972,4.189166253,4.164853696,4.242141593,4.218618774,4.257208661,4.218835194,4.23919818,P1
4.103013653,4.176589305,4.014562593,4.171816395,4.145471488,4.240481705,4.2061883,4.266812519,4.220088736,4.149290118,P1
4.104365725,4.155664459,4.082824141,4.148993752,4.126208126,4.092512519,4.186806787,4.212778524,4.187493871,4.12607901,P1
4.317775697,4.390640282,4.206991234,4.461554653,4.363031589,4.277115294,4.523586605,4.479766318,4.514862871,4.321637534,P1
4.397054864,4.295702808,4.382557951,4.357308768,4.51477228,4.452515691,4.464825052,4.378545147,4.528368328,4.480105636,P1
4.011120241,4.104370019,3.971953467,4.078655475,4.025239788,4.090158533,4.113435151,4.227511278,4.113661634,4.054727757,P1
4.07762729,4.191750125,4.062640668,4.163609553,4.093003645,4.136443567,4.158903364,4.246283154,4.134514276,4.109322356,P1
4.182396526,4.197204346,4.214338435,4.207821683,4.245936393,4.265139249,4.257805802,4.236920405,4.263315384,4.235423881,P1
4.154924822,4.060182385,4.207580132,4.034448307,4.208890094,4.286239977,4.108112367,4.100855974,4.152279108,4.261934945,P1
4.231227944,4.389087615,4.28649407,4.391232204,4.302007758,4.331507671,4.36194104,4.426601232,4.321529274,4.365620366,P1
4.214959739,4.193704761,4.315239252,4.163057209,4.317395471,4.326779825,4.251099468,4.272810716,4.31168966,4.36977659,P1
4.14255654,4.093794631,4.234767009,4.078920984,4.23975704,4.243629449,4.154638524,4.135147314,4.206768798,4.278930745,P1
4.151060624,4.225843949,4.243725171,4.236713302,4.238462313,4.276166103,4.226770287,4.2270627,4.232790465,4.311405244,P1
4.348488748,4.535829505,4.495170488,4.521864182,4.538867517,4.683070779,4.5265617,4.57202455,4.517046433,4.705542645,P1
4.248184898,4.351886989,4.343634633,4.29391129,4.376075362,4.523762642,4.341791294,4.383115685,4.389673696,4.550351085,P1
4.25433061,4.376239128,4.262926601,4.375123485,4.309589138,4.232785899,4.397213926,4.419088646,4.396796142,4.301184404,P1
4.245658569,4.242754249,4.291667436,4.264134651,4.33323264,4.294878719,4.34637916,4.31581269,4.365648598,4.343661684,P1
4.391044611,4.520644603,4.395205162,4.499502059,4.457968372,4.401041791,4.547721291,4.601395482,4.551273794,4.428255506,P1
4.33498176,4.309442958,4.257428052,4.386559769,4.382265798,4.21195322,4.465118818,4.378241589,4.477341854,4.314065395,P1
4.250958796,4.109451658,4.31073265,4.187220749,4.391766701,4.343447859,4.31464902,4.164928022,4.384675585,4.375000472,P1
4.062925498,4.083696345,4.023978688,4.062945927,4.099503893,4.093317876,4.152158505,4.152805942,4.177245014,4.112717894,P1
4.163690004,4.199146706,4.206356798,4.203754569,4.211252359,4.24112052,4.198697638,4.20290302,4.212882732,4.279965215,P1
4.155334923,4.368671652,4.310193881,4.30944369,4.282200297,4.423289795,4.266933426,4.383713295,4.25872749,4.493781633,P1
4.432520675,4.380776583,4.315398145,4.399767066,4.480044489,4.472084105,4.497946516,4.437285217,4.5506836,4.427018001,P1
4.190902408,4.296841417,4.241991872,4.325312218,4.271087976,4.250262783,4.35485899,4.372673342,4.357041007,4.289893201,P1
4.098824983,4.242541635,4.269538404,4.232582348,4.235239525,4.307240787,4.245440683,4.290890284,4.223514848,4.375279614,P1
4.174107762,4.219599234,4.288300474,4.211848898,4.310110882,4.382549979,4.255977994,4.258963558,4.267040704,4.403363319,P1
4.235301284,4.258782565,4.274080027,4.28508703,4.343937753,4.457135961,4.308947248,4.296282283,4.320030534,4.441542586,P1
4.41725671,4.375517538,4.4485117,4.449143418,4.497348996,4.406761473,4.511138058,4.41986514,4.527886733,4.479684451,P1
4.080702944,4.31713421,4.137946552,4.251809396,4.16873152,4.419102085,4.202573935,4.369475936,4.181453381,4.243144388,P2
4.293735438,4.257310543,4.257872612,4.265120753,4.386192998,4.566197497,4.322243456,4.307705739,4.364872934,4.436435998,P2
4.32226313,4.303872596,4.297011772,4.288382355,4.3704105,4.458055987,4.409347753,4.487546186,4.478389859,4.39418828,P2
4.247910612,4.196211782,4.128826486,4.211062076,4.258442131,4.297929245,4.31961174,4.355841919,4.364139004,4.180420434,P2
4.070088426,4.200548212,4.032881295,4.197990842,4.111884247,4.301631041,4.184557325,4.278583276,4.175521876,4.171185096,P2
4.310279393,4.194584187,4.171628346,4.194537584,4.281534632,4.393313217,4.31556797,4.357663984,4.38291113,4.307664612,P2
4.238222082,4.091533088,4.125319089,4.101684006,4.278676742,4.368623102,4.203212149,4.17539691,4.261169293,4.248659348,P2
4.227164526,4.123489809,4.265979916,4.146707513,4.341785749,4.436473269,4.265120887,4.233811524,4.350636245,4.367888496,P2
4.260213558,4.217273252,4.178379299,4.223976523,4.341626493,4.457636423,4.332758013,4.341296535,4.389681952,4.366344936,P2
4.040757812,4.066814992,4.085832859,3.995927093,4.11530892,4.393641478,3.991970633,4.082658613,4.011203853,4.203301827,P2
4.224673797,4.220992652,4.130442683,4.205688359,4.239229704,4.405487652,4.253180037,4.336446676,4.293457163,4.268994499,P2
4.226533538,4.205010804,4.179794845,4.233010212,4.310849227,4.506399472,4.286806643,4.271669966,4.318372572,4.387780843,P2
4.209691995,4.092838504,4.142146099,4.065200716,4.245593427,4.302527529,4.213783317,4.256229229,4.274663774,4.192939773,P2
4.276007539,4.322951693,4.116167536,4.329306893,4.285549004,4.37934832,4.379661287,4.443528394,4.414622661,4.264151464,P2
4.266781437,4.22770448,4.186078719,4.224328261,4.309215158,4.448343852,4.31093685,4.346494015,4.343015763,4.291836904,P2
4.24370604,4.196483966,4.158853357,4.169036059,4.273287811,4.406087599,4.261461191,4.287079093,4.31741392,4.281436615,P2
4.171266477,4.040594869,4.09346579,4.02868997,4.175919021,4.256896985,4.162338944,4.183451374,4.252544604,4.176642885,P2
4.19978077,4.284733452,4.121084952,4.236058946,4.194157408,4.331694052,4.287175735,4.441629733,4.301678998,4.226560939,P2
4.239612495,4.087257832,4.107572906,4.119681167,4.278983088,4.250869648,4.272704675,4.236490596,4.34550639,4.214445594,P2
4.287173283,4.200341765,4.129189369,4.195172918,4.274555216,4.39312623,4.293479102,4.327110655,4.363286894,4.26207801,P2
4.175083985,4.034054594,4.196660302,4.05145606,4.294650047,4.459150832,4.174156498,4.123903282,4.236899935,4.319183913,P2
4.284008115,4.061707187,4.137675926,4.062619211,4.313430553,4.253943544,4.271018051,4.216102455,4.391430969,4.17379576,P2
4.302195101,4.104180129,4.298043087,4.031269762,4.342779442,4.489203944,4.214470526,4.240269287,4.331387564,4.357915023,P2
4.160282177,4.114442121,4.134876519,4.096808565,4.218513655,4.411816328,4.169224137,4.197209815,4.201637269,4.260825836,P2
4.221475778,4.181029051,4.125115208,4.186269389,4.292486745,4.343425793,4.311720007,4.311906744,4.352977376,4.265325131,P2
4.178373597,4.322741018,4.234748389,4.265165241,4.253203844,4.46370045,4.264452295,4.433799463,4.279109542,4.350810661,P2
4.143835926,4.111537388,4.124130337,4.085215642,4.211726267,4.452217268,4.120675079,4.17572766,4.15778983,4.310232325,P2
4.145803338,4.046509336,4.124878653,4.024065212,4.211648326,4.302163708,4.158105343,4.189019527,4.23661548,4.237014158,P2
4.206988971,4.19738513,4.238891953,4.156941084,4.270600277,4.473384912,4.221361168,4.332021829,4.276539306,4.369539215,P2
4.089659448,3.978933161,4.012468605,3.970705804,4.100860051,4.191269192,4.099031397,4.112380501,4.164762577,4.09898238,P2
4.184395574,4.105540444,4.12417919,4.064005053,4.204326326,4.40034688,4.146806197,4.197215907,4.212867655,4.282500925,P2
4.204671483,4.186138938,4.078279196,4.186351517,4.207776618,4.426406312,4.266781326,4.334350882,4.298831812,4.307087249,P2
4.170907676,4.196773539,4.098861301,4.171292277,4.227629203,4.460019658,4.214171232,4.283621486,4.237348818,4.269755128,P2
4.320258913,4.02435268,4.259459527,4.070668907,4.391303967,4.404207066,4.277501909,4.180852321,4.369299648,4.390414665,P2
4.139276103,4.105827263,4.134914123,4.06419023,4.203609156,4.427753624,4.161843283,4.212219503,4.238311385,4.280192052,P2
4.235953165,4.132537372,4.130649954,4.121246258,4.252788654,4.281793027,4.246935896,4.246852092,4.307610476,4.166226234,P2
4.147466749,4.060416042,4.134149669,4.020974309,4.199339693,4.31615596,4.142149472,4.202409734,4.222066954,4.246790343,P2
4.256629799,4.202232774,4.106366098,4.195822914,4.257895888,4.398210546,4.286776489,4.316130653,4.350412709,4.259950838,P2
4.180628803,4.150092817,4.097234174,4.180443603,4.202658338,4.309946526,4.247912744,4.274655063,4.256221268,4.224730989,P2
4.20497595,4.11485094,4.129452645,4.168744445,4.246489935,4.34080033,4.265041096,4.240661273,4.3110358,4.265198457,P2
4.209733138,4.264965697,4.174447839,4.220909435,4.282224321,4.500818048,4.245115037,4.348313595,4.280834314,4.337419939,P2
4.091780794,4.177383289,4.06801365,4.19395685,4.156543112,4.293714758,4.191417418,4.246885066,4.173542937,4.150876046,P2
4.22381918,4.270522735,4.124543292,4.303635736,4.261224304,4.382186396,4.329183678,4.346855804,4.324478128,4.291386089,P2
4.204881478,4.097944296,4.16886692,4.098517428,4.281300923,4.441999219,4.232011086,4.24222619,4.306596991,4.344614499,P2
4.112918122,4.049797817,4.097929112,4.054006363,4.231132141,4.42796939,4.11867361,4.099992166,4.159954062,4.251928724,P2
4.295363421,4.055946505,4.145764971,4.11046986,4.29006973,4.311589451,4.293748164,4.217341536,4.362741432,4.259067083,P2
4.301630046,4.215036412,4.139625973,4.214964409,4.371723428,4.519459914,4.330926389,4.326258079,4.395866065,4.322162952,P2
4.311545423,4.221200246,4.231265755,4.215888649,4.383285591,4.443378036,4.340069875,4.311165811,4.415228943,4.330511902,P2
4.209718885,4.13618707,4.158952355,4.10322326,4.215864358,4.360183381,4.212335937,4.30368121,4.267700942,4.270155098,P2
4.265453125,4.15579667,4.20490213,4.181922516,4.319465915,4.4791508,4.27059941,4.242455122,4.291386752,4.385665584,P2
4.131155115,4.165940493,4.165185062,4.130510144,4.230184423,4.446738019,4.163558036,4.256685928,4.159905598,4.337026425,P2
4.136084553,4.094246643,4.08520775,4.117380998,4.192351079,4.400563375,4.163453897,4.196266052,4.190748206,4.278003183,P2
4.340925861,4.212397754,4.190501316,4.24708903,4.371221691,4.450009904,4.392860206,4.379060311,4.431863761,4.355023007,P2
4.182856029,4.174782841,4.235435727,4.126849582,4.296664032,4.457303893,4.221128278,4.281767698,4.286588309,4.396431692,P2
4.229324338,4.197911131,4.1442756,4.208623899,4.272101701,4.483246357,4.259123829,4.317838139,4.289101969,4.352926026,P2
4.230646414,4.141604163,4.205981169,4.115534052,4.325437121,4.41954843,4.248772465,4.267080211,4.33152606,4.32843216,P2
4.145490853,4.227626472,4.058238214,4.14603059,4.146605111,4.249826033,4.212453798,4.378208221,4.239599777,4.165968645,P2
4.22322902,4.175524682,4.250747677,4.115383655,4.271809457,4.455011058,4.194458398,4.307356826,4.267202298,4.345584354,P2
4.242018699,4.171164666,4.229846986,4.151402522,4.316764497,4.444981183,4.252665684,4.283066771,4.318100375,4.37353174,P2
4.085872026,4.107249337,3.98438292,4.066230002,4.100096616,4.22623752,4.141612137,4.214322983,4.166166466,4.081936469,P2
4.36803647,4.274981817,4.419575999,4.252809902,4.458602195,4.623296361,4.353454356,4.377536223,4.386217249,4.516978555,P2
4.211517918,4.104182323,4.141476117,4.075088686,4.243443142,4.337560543,4.199513679,4.222421929,4.264244594,4.224320995,P2
4.233174977,4.159936828,4.197420671,4.128507096,4.268061379,4.347951436,4.227460516,4.266648149,4.280320462,4.288074491,P2
4.242817023,4.252297056,4.149837721,4.232093038,4.27989222,4.419947107,4.318853657,4.395992851,4.367389168,4.266978903,P2
4.184578245,4.14918707,4.139908357,4.14093145,4.245843996,4.375373212,4.221835296,4.258985767,4.27771803,4.265917506,P2
4.30819612,4.193879662,4.281318149,4.194159551,4.340144503,4.395993864,4.321878301,4.354026971,4.383013351,4.368714917,P2
4.214319474,4.184793434,4.196334895,4.157636061,4.237032585,4.331173659,4.243230921,4.324439697,4.301765197,4.251901119,P2
4.150311548,4.074272782,4.109623528,4.03496181,4.196556335,4.294341278,4.125443867,4.160022219,4.19182327,4.216786182,P2
4.183467295,4.05990832,4.108768728,4.071601222,4.227803208,4.346178101,4.181665208,4.165542132,4.241173853,4.26320236,P2
4.220568478,4.194786696,4.184636107,4.182573772,4.291265322,4.435437421,4.268760099,4.307115296,4.32607566,4.29234563,P2
4.132456496,4.043225909,4.100977572,4.00410308,4.171196519,4.29930719,4.126816098,4.161511297,4.180714791,4.190278893,P2
4.165238513,4.200583245,4.147127978,4.156135103,4.214398617,4.325948255,4.222717486,4.323983226,4.256701549,4.238342231,P2
4.162236188,4.05222936,4.261686119,4.032341795,4.27587031,4.446416281,4.130145065,4.161439318,4.189576833,4.363278762,P2
4.15729806,4.168452984,4.166330627,4.142224083,4.227527635,4.430780493,4.218600171,4.275306786,4.222483547,4.33196937,P2
4.193767942,4.152413183,4.117239075,4.135760867,4.257418296,4.400562845,4.245160473,4.28467887,4.311853104,4.239056948,P2
4.277099254,4.208479869,4.192496623,4.177355435,4.298435852,4.415385156,4.301155457,4.35618255,4.363565727,4.31251622,P2
4.180871036,4.118112777,4.037166109,4.121910348,4.181598132,4.22326271,4.23986787,4.276360846,4.265287837,4.154746806,P2
4.224920158,4.250662797,4.10128074,4.176193233,4.223941767,4.449311514,4.226437971,4.342315517,4.277616493,4.253287888,P2
4.187627366,4.135461912,4.11831221,4.127402426,4.249541787,4.458343804,4.177883237,4.213276945,4.220848115,4.25870965,P2
4.207631901,4.1569225,4.136432516,4.143676467,4.279086368,4.408115947,4.251600003,4.253091682,4.286468387,4.257455776,P2
4.185666026,4.207096281,4.189459313,4.178302123,4.271353158,4.485405568,4.245031407,4.309726463,4.294315298,4.375832395,P2
4.245367893,4.165565889,4.138701064,4.158033161,4.263942715,4.441907139,4.235477868,4.265125195,4.273529863,4.259711393,P2
4.353129966,4.290428489,4.307395506,4.275068221,4.459527529,4.605621464,4.398317687,4.416164841,4.436485179,4.485491622,P2
4.265493493,4.130592111,4.182994475,4.119742406,4.316539402,4.492548817,4.274130603,4.27285395,4.360733136,4.322426214,P2
4.199480732,4.193485275,4.111765184,4.158811639,4.231452294,4.446687354,4.222986531,4.306060117,4.252284355,4.254223376,P2
4.43282295,4.242773427,4.206199631,4.305622197,4.481995306,4.437398275,4.482312389,4.384719349,4.533220504,4.359810947,P2
4.327314159,4.272321667,4.20305236,4.253130249,4.355592263,4.447386123,4.388570136,4.421765794,4.458220204,4.338388164,P2
4.099717367,4.196178684,4.060442407,4.125219259,4.147513509,4.244884261,4.186541738,4.314443586,4.210600943,4.12497357,P2
4.133378053,4.120524748,4.151873218,4.040898948,4.193763648,4.393216659,4.097255395,4.203964125,4.126168137,4.264862216,P2
4.33051248,4.176897835,4.266035431,4.179737448,4.392523869,4.481535424,4.329128402,4.32517435,4.397976394,4.362462613,P2
4.059194515,4.125077138,4.087837922,4.076496645,4.123729421,4.304160591,4.0915272,4.228843375,4.092544619,4.179472607,P2
4.350288481,4.373082342,4.20000364,4.321838022,4.344077037,4.359845471,4.436876973,4.541786255,4.470088855,4.322672533,P2
4.213485946,4.266592794,4.190703157,4.252407915,4.302273887,4.487647079,4.292290511,4.355366815,4.329947144,4.337346133,P2
4.032480575,4.062509807,4.066029726,4.016802924,4.114690867,4.292709155,4.073304889,4.146165401,4.094946806,4.146586451,P2
4.341034978,4.244232839,4.405425125,4.235764067,4.508626588,4.626777933,4.40991553,4.3990163,4.459281556,4.575193946,P2
4.21339647,4.151649238,4.177971569,4.114077649,4.252598683,4.36033238,4.225276172,4.301525246,4.289494814,4.267736861,P2
4.029068856,3.94315511,4.043852697,3.9527146,4.136546581,4.270068794,4.05851741,4.018361009,4.090425598,4.163504977,P2
4.160580916,4.258512795,4.084146526,4.226081318,4.199147259,4.282823815,4.292461293,4.414492957,4.293896261,4.235780474,P2
4.17854083,4.192418125,4.17088835,4.155902519,4.276802113,4.414103752,4.262932995,4.327996363,4.32080542,4.285292451,P2
4.145176292,4.253425845,4.182018022,4.204321655,4.236611417,4.409761035,4.251191296,4.344680329,4.232469149,4.303027513,P2
4.436602708,4.398520577,4.456920663,4.436735245,4.455298753,4.511635585,4.426474062,4.367681456,4.419848189,4.479162715,P3
4.253191622,4.214064367,4.283100508,4.245762948,4.293191831,4.328014558,4.264600594,4.241175889,4.255284361,4.303816195,P3
4.432590957,4.413157059,4.46408761,4.431710912,4.452049972,4.512827262,4.417657329,4.412289428,4.415505921,4.452757557,P3
4.501804604,4.41667846,4.522303165,4.429875167,4.480286577,4.545392731,4.440541157,4.410001451,4.433796382,4.511929316,P3
4.216446608,4.239739327,4.263817304,4.210331664,4.217917905,4.271035506,4.209172999,4.260607665,4.202614076,4.252256389,P3
4.517972193,4.581694451,4.450938835,4.610117082,4.479640301,4.490292498,4.569185613,4.564942091,4.520841884,4.450918105,P3
4.550052416,4.559541338,4.565922995,4.553633907,4.526912018,4.490388675,4.555187428,4.564366058,4.53276936,4.507630437,P3
4.268400265,4.249852038,4.23928437,4.291872094,4.283536096,4.218027125,4.303436634,4.225143283,4.267315531,4.246258193,P3
4.259441426,4.316694734,4.29156044,4.30408419,4.273377619,4.307770574,4.29666685,4.337442468,4.276465109,4.305091469,P3
4.465888513,4.434346045,4.442177711,4.463707415,4.464315636,4.421748665,4.479515045,4.444205408,4.474188697,4.448791574,P3
4.283974361,4.308340009,4.294318009,4.315668885,4.266775469,4.220839023,4.31059561,4.323790745,4.29438354,4.252110863,P3
4.398423935,4.349158316,4.493590778,4.342109859,4.433220335,4.421888399,4.370084893,4.340608649,4.388078914,4.440984533,P3
4.548487778,4.569590748,4.506468962,4.585849988,4.534069906,4.538053164,4.549845386,4.547239121,4.517386775,4.490457008,P3
4.246110034,4.207024076,4.289805466,4.240344486,4.294880899,4.341064479,4.245961932,4.202437348,4.23074551,4.308188586,P3
4.516877585,4.554115717,4.503108521,4.558858483,4.491210975,4.533529709,4.523413178,4.544223793,4.507194981,4.515808096,P3
4.524900653,4.669347987,4.512884755,4.633018129,4.521539676,4.535360223,4.624810132,4.704488477,4.591191602,4.5209564,P3
4.451617122,4.40356882,4.4490916,4.465901467,4.481854759,4.52286499,4.450717247,4.392467256,4.419011837,4.49465375,P3
4.60305675,4.629378324,4.689213871,4.625078257,4.650498957,4.694287756,4.620249498,4.645078018,4.608986806,4.670338675,P3
4.525729957,4.50467794,4.492293284,4.533579757,4.542930656,4.598831094,4.535013862,4.494745167,4.518755568,4.548833069,P3
4.735214198,4.641838724,4.636670668,4.690127247,4.711420158,4.711638141,4.712864557,4.642640572,4.696576721,4.708710852,P3
4.845903209,4.720747624,4.847949108,4.716162906,4.810598504,4.864664818,4.75650705,4.755996364,4.77761537,4.855029969,P3
4.705327858,4.77125765,4.713610161,4.749916984,4.699557257,4.668624271,4.742698038,4.789988782,4.728084522,4.661310765,P3
4.39937164,4.414923891,4.512490769,4.409025806,4.453295134,4.55347921,4.396938851,4.412182335,4.393044401,4.481793848,P3
4.57719966,4.635787558,4.562828574,4.628388271,4.56707975,4.587263813,4.622759367,4.682640585,4.607981262,4.550505582,P3
4.478281543,4.501913557,4.47885447,4.488093816,4.475155559,4.52663776,4.489270555,4.579978676,4.475270772,4.696826772,P3
4.611196355,4.613391484,4.477102035,4.657304188,4.585123783,4.578318353,4.640023247,4.567438353,4.615041528,4.928105761,P3
4.59814234,4.549972242,4.630573719,4.51410069,4.584172774,4.623672344,4.535488571,4.570269493,4.533157802,4.602299179,P3
4.652563606,4.680007619,4.65400298,4.68177227,4.646448358,4.700075966,4.658789731,4.664482651,4.612710477,4.644334359,P3
4.635120235,4.533080739,4.64040002,4.604176667,4.684936353,4.71790836,4.624185482,4.513312362,4.611449891,4.688037531,P3
4.78695743,4.879542454,4.707771461,4.859225939,4.734016459,4.735032586,4.825283958,4.866069284,4.800165103,4.704955844,P3
4.506577948,4.534916221,4.531222962,4.549920811,4.532215954,4.563972513,4.53199389,4.533243875,4.502147832,4.534860339,P3
4.539784916,4.616446247,4.610290987,4.567914575,4.564972227,4.628500063,4.572276282,4.623666735,4.574399376,4.596306354,P3
4.71739284,4.756613244,4.774158673,4.753312407,4.743558869,4.767235551,4.738729536,4.76214386,4.704972425,4.75354099,P3
4.641518931,4.743106674,4.640412906,4.711923229,4.637908083,4.71410308,4.667582503,4.732327689,4.617647301,4.644632266,P3
4.582890626,4.540257448,4.62138099,4.545580753,4.607801028,4.697617946,4.558102273,4.545369522,4.575411776,4.635335264,P3
4.854577632,4.798376463,4.745073863,4.809311956,4.784494362,4.782474003,4.823234088,4.81047234,4.815059244,4.760817199,P3
4.401608023,4.431424759,4.461698265,4.423125235,4.407438341,4.446801718,4.406119582,4.454501227,4.395783226,4.396564002,P3
4.663331438,4.689882747,4.55779293,4.687609784,4.584881787,4.578214696,4.670229719,4.70164011,4.647154239,4.559497106,P3
4.627817116,4.636841589,4.669310533,4.60858979,4.636950111,4.715148556,4.599968933,4.627593905,4.584118999,4.668123673,P3
4.53030841,4.456000953,4.51013829,4.499605435,4.558312363,4.548111378,4.535028874,4.469033733,4.536702279,4.573079199,P3
4.654923988,4.720573954,4.723096534,4.738579901,4.707667688,4.71579016,4.720329646,4.717992028,4.686585838,4.713409899,P3
4.587447253,4.641690563,4.596349386,4.652234706,4.593386614,4.638956335,4.634463892,4.639980662,4.611215224,4.607295253,P3
4.628647928,4.629594985,4.587553601,4.629375295,4.627190922,4.62190343,4.631824292,4.604790391,4.608911603,4.599915248,P3
4.525330261,4.512603045,4.619149254,4.513751617,4.558342744,4.654034511,4.50420536,4.519890786,4.499159721,4.591581809,P3
4.649762055,4.636424644,4.647778478,4.625839644,4.642492578,4.686023771,4.623648072,4.649300015,4.618645167,4.639693641,P3
4.446666891,4.46878798,4.548711975,4.445042219,4.491508732,4.493697065,4.465072656,4.490800719,4.470124621,4.489332018,P3
4.582647202,4.63784068,4.687974061,4.589511346,4.567666967,4.624329468,4.553392878,4.647015662,4.518177313,4.62080307,P3
4.623176184,4.636132884,4.607600813,4.6410508,4.606442252,4.587586257,4.616784958,4.620998697,4.578655962,4.588446769,P3
4.564184658,4.575144412,4.691707549,4.561875459,4.614228336,4.709056079,4.533900142,4.569808418,4.512386234,4.64870294,P3
4.556656935,4.563199419,4.607000888,4.557890519,4.564270941,4.613365466,4.545856006,4.56079961,4.522309845,4.592235976,P3
4.770007149,4.750108154,4.83361807,4.762408696,4.781922256,4.830172635,4.765974033,4.746469177,4.75323106,4.826108592,P3
4.401009299,4.410682456,4.489039468,4.404029442,4.425265936,4.494736092,4.393403625,4.432934075,4.387067931,4.45938916,P3
4.405267531,4.405257994,4.347865872,4.416098882,4.353252395,4.38643347,4.379011881,4.394241429,4.359239112,4.352003524,P3
4.53815453,4.542961986,4.662038105,4.523191247,4.572923104,4.619290584,4.529163193,4.549657479,4.518431548,4.64509099,P3
4.360874427,4.291135836,4.303003624,4.319569511,4.315322693,4.320599309,4.325726571,4.300569962,4.314984535,4.327392222,P3
4.551320805,4.579001364,4.55270618,4.583505587,4.568235919,4.622841367,4.558593588,4.569822567,4.549974271,4.564508365,P3
4.63757474,4.6093109,4.631952953,4.636446755,4.65508957,4.699318521,4.657071977,4.631248305,4.687318234,4.689661432,P3
4.44404068,4.46265,4.463817925,4.475277792,4.465012288,4.476215025,4.473303589,4.459715559,4.463959826,4.50140396,P3
4.682282191,4.62321988,4.700072266,4.666306969,4.736169081,4.739655205,4.700472302,4.630024223,4.683584426,4.736739989,P3
4.7515156,4.651279856,4.766005909,4.694874975,4.796582957,4.855229325,4.730034428,4.671647041,4.731405065,4.819571285,P3
4.467816898,4.495963509,4.530935768,4.544705331,4.5577979,4.540455566,4.541950364,4.491198368,4.516183388,4.540385265,P3
4.878482436,4.81990458,4.791220932,4.839392203,4.860209276,4.873989118,4.860122252,4.814897892,4.881404046,4.791863313,P3
4.624648649,4.619837269,4.577925929,4.634467224,4.59936247,4.587459362,4.615496865,4.587326981,4.597713161,4.577627759,P3
4.471224486,4.546224279,4.531916952,4.529314052,4.485837018,4.543230326,4.485472466,4.514882937,4.464981563,4.501142789,P3
4.528139377,4.472483577,4.59097452,4.487806976,4.570412329,4.582770658,4.503601285,4.450493554,4.520255379,4.553271119,P3
4.624698343,4.587659455,4.573876685,4.610916104,4.602404367,4.615193012,4.614947766,4.591823169,4.60780159,4.604253271,P3
4.478340444,4.55279496,4.443869192,4.540826759,4.460835948,4.510724594,4.502196304,4.549228416,4.48235846,4.468504889,P3
4.71228867,4.830004575,4.777450994,4.74482363,4.699570362,4.756957141,4.717749746,4.815670989,4.700604934,4.714136498,P3
4.605699295,4.690164575,4.717372656,4.675993033,4.653101186,4.678957168,4.648317919,4.674947806,4.622545411,4.697042386,P3
4.61024471,4.511835878,4.64251908,4.533725275,4.629372971,4.609553254,4.57199928,4.503874306,4.562465555,4.635080866,P3
4.644581929,4.746677647,4.590684529,4.749967182,4.611286478,4.579743402,4.696947737,4.713315325,4.659167496,4.576079615,P3
4.614342677,4.574682774,4.576035844,4.651739237,4.607492841,4.582568266,4.626320848,4.544641399,4.587997272,4.57705898,P3
4.414222264,4.415604053,4.488559639,4.413527752,4.443709149,4.447233131,4.400898929,4.375294256,4.388722725,4.455199417,P3
4.540680416,4.562335767,4.524908815,4.57859732,4.514584805,4.469389818,4.551171411,4.554467594,4.519976937,4.478298069,P3
4.475694374,4.569303059,4.533216198,4.61471049,4.558756031,4.58973845,4.58109463,4.550547994,4.548041019,4.552876148,P3
4.540153193,4.481097693,4.57807695,4.495526526,4.539894474,4.562268081,4.481847588,4.450766232,4.444943618,4.562308816,P3
4.496802095,4.633514301,4.652457734,4.547053641,4.506877103,4.569937979,4.497010165,4.613014771,4.486504859,4.555308986,P3
4.436146791,4.536053512,4.419034063,4.517236235,4.403889885,4.413426757,4.47521028,4.536279385,4.439693918,4.389303985,P3
4.757034355,4.830353204,4.553943562,4.849529709,4.686376991,4.625431864,4.826537582,4.828190498,4.771920272,4.596951107,P3
4.470231345,4.621288993,4.568077202,4.572540877,4.502740914,4.530513659,4.518884052,4.585839142,4.470692013,4.529841979,P3
4.634031661,4.64690822,4.782620326,4.622506418,4.694091872,4.724457507,4.623139779,4.640569058,4.62370115,4.737135481,P3
4.557305208,4.562145725,4.699426096,4.574709862,4.599341455,4.593733494,4.585687398,4.57259676,4.562396631,4.626595551,P3
4.674937604,4.707840027,4.647509927,4.692241835,4.625610259,4.609660717,4.657514348,4.678905014,4.601819312,4.606752204,P3
4.503787633,4.491753594,4.46917801,4.582289513,4.537932883,4.503072767,4.570615672,4.460283992,4.543076949,4.50562498,P3
4.583352067,4.497639831,4.526922489,4.56684636,4.5537153,4.477630199,4.57621751,4.465233136,4.545218783,4.48450316,P3
4.516964259,4.523893488,4.514181223,4.546000084,4.523406489,4.464174489,4.557993526,4.510073381,4.539938996,4.493978917,P3
4.589058799,4.548192749,4.552757403,4.627663064,4.61739955,4.558324784,4.660585879,4.577087137,4.652946991,4.577913531,P3
4.619504855,4.677108645,4.638792866,4.685459366,4.621496697,4.614499634,4.659680642,4.673578523,4.601513588,4.615867052,P3
4.603635132,4.691702927,4.56842481,4.667249261,4.54895012,4.579504475,4.61163503,4.660453848,4.555528335,4.549117926,P3
4.398263786,4.359042753,4.409383322,4.418558588,4.414737685,4.416072623,4.42463252,4.361594311,4.410440196,4.399579618,P3
4.688568888,4.746981765,4.871679455,4.739535003,4.79277132,4.804254525,4.730818485,4.726642978,4.712369487,4.81942681,P3
4.58119171,4.551487813,4.595070178,4.526814715,4.547722182,4.544486401,4.530494835,4.542176474,4.524284065,4.559770397,P3
4.447267043,4.385539517,4.46762715,4.420798977,4.457794448,4.49365492,4.433776896,4.387627388,4.421913389,4.498447663,P3
4.689779009,4.588296593,4.687837148,4.628510608,4.689399628,4.719414868,4.634433803,4.579076576,4.625368066,4.713979789,P3
4.439970724,4.444481374,4.515050656,4.471980281,4.49305821,4.512976941,4.470918052,4.442376802,4.457420933,4.516304637,P3
4.168630221,4.225937097,4.293960164,4.163108325,4.211351246,4.344640477,4.1533932,4.236332733,4.15725798,4.284861792,P3
4.571296438,4.456217239,4.586466472,4.518491018,4.597380349,4.62014847,4.545060159,4.460666415,4.540624147,4.615199313,P3
4.470361331,4.39943999,4.5279675,4.456993243,4.506785157,4.521976052,4.438557505,4.363844887,4.404054974,4.494087337,P3
4.44429492,4.536279478,4.555064532,4.481392209,4.487126049,4.51517445,4.473909453,4.581690025,4.441602775,4.522240968,P3
4.531222611,4.542288233,4.489030518,4.561878273,4.531011527,4.53579721,4.567139145,4.550962556,4.559124553,4.509209071,P3