4.340912499,3.377623059,3.979363917,3.029064432,Healthy
4.373642286,3.337304118,3.966111659,3.063747342,Healthy
4.457626136,3.535848171,4.11889182,3.005270632,Healthy
4.25587791,3.374569915,4.092984399,3.032434068,Healthy
4.499907203,3.362336234,3.966164551,3.037934798,Healthy
4.396395373,4.445400221,4.121686993,3.019046694,Healthy
4.374896567,3.435115464,4.327128035,3.118429881,Healthy
4.354815383,3.333477646,4.032984839,2.95086161,Healthy
4.23333313,4.160787767,4.258928812,2.952508462,Healthy
4.305315377,3.364618859,4.004444591,3.017288197,Healthy
4.295765381,3.41919577,3.888496896,3.03277621,Healthy
4.250745843,3.47785845,4.141436308,3.061260673,Healthy
4.459591944,3.36518548,3.996452256,3.123164975,Healthy
4.406550581,5.031599599,4.052903698,2.982474299,Healthy
4.507160287,3.476507635,4.057931794,2.953746545,Healthy
4.283737006,3.246251053,3.986218137,3.014629263,Healthy
4.462584612,3.748497002,3.984176356,2.927951293,Healthy
4.129587569,3.436176089,3.98837643,3.066775774,Healthy
4.110566544,3.429713953,4.071435151,3.061238296,Healthy
4.252369143,3.406748252,4.051605855,2.981334616,Healthy
4.243973175,3.607188775,3.981267327,3.120806993,Healthy
4.494179956,3.860727389,4.075912718,3.081885371,Healthy
4.250963057,3.265608148,4.099671855,2.992302815,Healthy
4.310290524,3.349215372,3.890938,2.922146765,Healthy
4.212757916,3.363526978,3.998054104,3.029470614,Healthy
4.107132991,3.284228732,3.967944867,2.926202085,Healthy
4.303312319,3.442274279,4.264591796,2.959565328,Healthy
4.238197151,3.500677984,3.960529908,3.01153319,Healthy
4.211974527,3.436647722,4.136211267,2.960004147,Healthy
4.717469373,4.048309968,3.965581683,3.025805206,Healthy
4.172954576,3.663149459,4.10268756,3.017048958,Healthy
4.107249874,3.517434093,3.985868042,3.130482793,Healthy
4.342801703,3.302039191,3.902847898,3.074670022,Healthy
4.220555551,3.398822214,3.855754268,2.95659693,Healthy
4.228600826,3.312679816,3.947679509,2.892496365,Healthy
4.383846536,3.393132466,3.987334083,2.891820675,Healthy
4.040836964,3.40313657,3.881736772,3.100299368,Healthy
4.123122569,3.50612422,4.00798736,3.016544031,Healthy
4.141920069,3.625923452,3.907714856,3.328178204,Healthy
4.261757468,3.789468507,4.015477385,2.990832849,Healthy
4.203368287,3.378203825,3.913159509,3.004713128,Healthy
4.492521258,3.594329628,4.093620451,3.27806883,Healthy
4.174958368,3.355488328,4.199352197,3.065211709,Healthy
4.168343791,3.534517171,3.930274594,3.119605035,Healthy
4.276543122,3.579902834,3.926902921,3.164680106,Healthy
4.429116603,3.379002707,3.926721314,3.129744734,Healthy
4.458964166,3.300407743,3.991876145,3.003734297,Healthy
3.953609186,3.343356493,3.941122545,2.884658125,Healthy
4.294480567,3.279025436,4.023770786,2.946481435,Healthy
3.988961085,3.300744604,3.957132752,3.114902317,Healthy
4.014211964,3.402005465,3.875574663,3.052397444,Healthy
4.237446694,3.377850282,3.920383587,3.101672738,Healthy
4.344747654,3.513119888,3.957850436,3.299019479,Healthy
4.131216264,3.464535545,3.951288729,3.172040371,Healthy
4.152401878,3.47311065,4.010205003,3.053439521,Healthy
3.907797638,3.474233551,4.20752898,3.061089908,Healthy
4.277929634,3.365394976,3.896907394,2.983476855,Healthy
4.270139141,3.422806913,3.999060293,3.219811832,Healthy
4.272234323,3.458431151,4.057020332,3.045788111,Healthy
4.449522737,3.428426097,3.889040419,3.051286305,Healthy
4.014093266,3.241733129,3.926973019,2.984575039,Healthy
4.374659692,3.545662266,4.043761506,2.913430071,Healthy
4.175902644,3.399082034,3.987568946,3.01768161,Healthy
4.140961745,3.221244228,4.08729592,3.090797734,Healthy
4.167909373,3.612244372,4.014603448,3.083158221,Healthy
4.001967458,3.338134419,4.242827146,3.098896614,Healthy
4.108823138,3.498342494,4.134579892,3.109389514,Healthy
4.235086527,3.593363799,4.006298694,3.197086598,Healthy
4.179943327,3.496826368,3.938432432,3.150932926,Healthy
4.048018557,3.374562378,3.927081848,3.168461984,Healthy
4.30681498,3.414992154,3.752394719,3.042973874,Healthy
4.115505968,3.303544717,3.941348167,3.018263781,Healthy
4.039430418,3.758014992,4.472475276,3.029516008,Healthy
4.76919522,3.613323792,3.764360256,3.187929661,Healthy
3.982425704,3.424826513,4.003459063,3.142723032,Healthy
4.267664628,3.427927454,4.032054114,3.307033825,Healthy
3.922046042,3.472959746,3.946346189,3.123568151,Healthy
4.061904579,3.420931215,4.090854284,3.125891717,Healthy
4.365056226,3.362769628,3.925066925,3.012968966,Healthy
4.424891447,3.334775107,3.830637163,3.015332747,Healthy
4.117959113,3.460500744,4.233572162,3.031994473,Healthy
4.296168114,3.421773848,3.918613856,3.13158143,Healthy
4.213617417,3.55691251,3.89587874,3.213886357,Healthy
4.107221852,3.444326495,4.074179468,3.220438488,Healthy
4.07821216,3.62131321,4.00067852,3.230456956,Healthy
4.562246368,3.260358307,3.74643912,3.126331659,Healthy
4.464686009,3.351003625,3.876199834,3.047640599,Healthy
4.357116647,3.431761519,4.071640204,3.150868311,Healthy
4.182700574,3.734723727,4.155278893,3.107152729,Healthy
4.149827491,3.492761109,3.857550643,3.104894059,Healthy
4.280616154,4.417091518,4.004003121,3.099000678,Healthy
4.218076414,3.292267264,4.04007079,3.023993634,Healthy
4.250687785,3.26203111,3.85490519,3.045262698,Healthy
4.30969413,3.4607542,4.00239394,3.135584543,Healthy
4.154440753,3.415869503,4.028998401,3.191053492,Healthy
4.161284033,3.721240024,4.08440826,3.360523544,Healthy
4.306395997,3.537321345,3.903106929,3.197555355,Healthy
4.33782489,3.422846876,3.901112482,3.133345737,Healthy
4.324991998,3.264255381,4.114219812,3.112293646,Healthy
4.125367782,3.387124956,4.12059586,3.075559657,Healthy
4.032714425,3.080841015,3.748418041,2.891852005,P1
3.998102135,2.914116453,3.604161391,2.956822453,P1
4.007097062,3.005236062,3.655052714,2.945584554,P1
3.906327305,2.949875491,3.687552974,2.937177755,P1
3.980443392,3.05432924,3.678282696,2.932941583,P1
3.927674469,3.060238614,3.571434346,2.916942734,P1
3.873088811,3.019298622,3.736655093,2.846668669,P1
4.065624163,3.269244654,3.698466985,2.866427329,P1
3.949354993,3.252199178,3.696023295,2.94997289,P1
3.791600166,3.065544383,3.622962707,2.821695902,P1
4.2174145,3.114962443,3.637700601,2.854404388,P1
4.009437899,3.385908901,3.710232869,2.923030616,P1
4.022020501,3.005960587,3.636116756,2.809333518,P1
5.236271721,3.198325959,3.770867624,2.953672702,P1
4.062824005,3.053393852,3.630149143,2.779634111,P1
4.191987335,3.047184369,3.607710187,2.803352563,P1
4.252968227,3.127491507,3.815887269,2.913177447,P1
4.380964293,3.113965524,3.822626158,2.947402961,P1
4.13242912,4.302306291,3.722653874,2.772899876,P1
4.001534476,3.280287456,3.675271737,2.858292736,P1
4.550591468,3.836690332,3.892855802,2.871696731,P1
4.436594471,3.085846629,3.648868932,2.694090157,P1
4.243771638,3.171311503,3.684108697,2.809818045,P1
4.253906392,3.05563636,3.680899587,2.894097875,P1
4.129071914,3.062663465,3.67657099,2.746291569,P1
4.329879535,3.066209191,3.726169956,2.819157298,P1
4.070527958,3.070429366,3.575628206,2.795412006,P1
4.262319497,3.069964935,3.717549586,2.855107428,P1
4.26588065,3.026035342,3.548614527,2.68740731,P1
4.270257757,3.141107303,3.671087399,2.836730688,P1
4.145954702,2.947991797,3.657717731,2.917240023,P1
4.402292115,3.262931523,3.723529421,2.877730247,P1
3.989266259,3.446850558,3.598666895,2.767630551,P1
4.39144155,3.977121396,4.034905284,2.885228332,P1
4.1305403,3.104284004,3.808002489,2.943603772,P1
4.331968682,3.147891892,3.640831375,2.856090869,P1
4.29771742,3.172467482,3.611976992,2.745352333,P1
3.957119049,3.050191513,3.876785516,2.885940035,P1
4.188604862,3.160738116,3.979372254,2.929900025,P1
4.083804308,3.141059973,3.603273703,2.965423316,P1
4.090704288,3.14262043,3.63561043,2.809394986,P1
4.184397271,3.192267149,3.981082138,2.927841263,P1
4.200940655,3.01287645,3.762377459,2.876423697,P1
4.131250118,3.177056793,3.624802212,2.99781177,P1
4.14523335,3.146010236,3.737406198,2.838710708,P1
4.192681647,3.019196462,3.824955705,3.028682569,P1
3.995921613,3.181125808,3.869850685,2.967799183,P1
4.029718251,3.916190007,3.757559105,2.943003556,P1
3.989170253,3.431598473,3.569491598,2.818169197,P1
4.116307951,3.213057504,3.910324723,2.762084629,P1
4.034468362,3.15615363,3.978535522,2.840412049,P1
4.050584394,3.222087782,3.723486992,2.82504756,P1
3.94898046,3.280822497,3.908805145,2.750635844,P1
3.93771067,3.115071208,3.69687962,2.727293503,P1
3.993230471,3.305933815,3.802543171,2.834672075,P1
4.074987437,3.452315028,3.970406301,2.858892438,P1
3.906886499,3.443295124,3.753084316,2.893322153,P1
4.050746986,3.250070809,3.592156548,2.781242488,P1
4.129727006,3.203187056,3.806944653,2.784935178,P1
4.238146014,3.235189264,3.95231677,2.797101715,P1
4.064423881,3.354762312,3.660949651,2.81557638,P1
4.12327884,3.427594398,3.503850482,2.76253951,P1
3.822059957,3.191807544,3.602883915,2.740047958,P1
4.083768339,3.241823172,3.720829967,2.777295649,P1
4.322358986,3.271093265,3.69448162,2.996503347,P1
4.21845875,3.087591067,3.789559167,2.779364796,P1
4.255604512,3.28121295,4.008896821,2.958993746,P1
4.184192377,3.214499165,3.689825173,2.870188528,P1
4.345451324,3.302197783,3.801150145,2.869988001,P1
4.357903689,3.267235209,3.782373814,3.004679938,P1
4.383764257,3.498313496,3.791018309,2.832777262,P1
4.179291535,3.253758556,3.659543843,2.975465891,P1
4.339528978,3.190503726,3.744122826,2.859144794,P1
4.492325044,3.213345908,3.806632578,3.115379703,P1
4.367578753,3.275544856,3.90904803,3.019896626,P1
4.24246745,3.340226461,3.79523181,2.908143962,P1
4.308244807,3.130412709,3.755492096,2.98046782,P1
4.109793277,3.311282073,3.794416337,2.921089415,P1
4.34318606,3.171368792,3.828237892,3.142041026,P1
4.383878839,3.274954433,3.84476062,3.051249601,P1
4.219924371,3.325744324,3.855723106,3.118809172,P1
4.143972103,3.187507055,3.809958735,2.832304128,P1
4.156866218,3.264336501,3.897137298,3.000591432,P1
4.334461142,3.068957941,3.880957487,2.931325076,P1
4.313775283,3.219372774,3.862431835,2.997811676,P1
4.381957729,3.149629117,3.942705741,3.091689337,P1
4.17617718,3.246571173,3.83284106,2.908726591,P1
4.501918036,3.245425982,3.86621669,3.029132811,P1
4.54867824,3.169273462,4.060528943,3.029092614,P1
4.477756836,3.134066023,3.917914433,3.031482604,P1
4.216427267,3.141528767,3.803896044,2.82824755,P1
4.119904348,3.089749694,3.69804868,2.987067021,P1
4.170229236,3.25770143,3.744245376,2.980036607,P1
4.148094349,3.227219926,4.126072318,3.068773016,P1
4.18490562,3.114648363,3.97188194,2.95295124,P1
4.047066535,3.208224002,3.790047684,3.039076558,P1
4.078353228,3.121446667,3.776564533,2.902095118,P1
4.228494206,3.109706246,3.84607135,2.943572531,P1
4.191891667,3.158713623,3.806572772,2.99449343,P1
4.320254113,3.148589714,3.947307644,2.952642565,P1
4.510714549,3.984950566,3.991300502,2.374648953,P2
4.270012288,4.02579929,3.902315717,2.407799847,P2
5.061686404,3.993563463,3.929613106,2.369985567,P2
4.277308058,4.037920267,3.965025125,2.444636669,P2
4.183093762,4.123981029,3.619759584,2.423352195,P2
4.116015653,4.003505045,3.85617463,2.394912557,P2
4.376168461,4.06011953,3.953802994,2.413784007,P2
4.072030215,3.98902541,3.693057847,2.392777996,P2
4.493837569,3.942390642,3.819967065,2.449545102,P2
4.571047733,3.996212818,3.850419247,2.421592872,P2
4.395620832,3.969255097,3.753005404,2.360641007,P2
4.343186186,4.047018875,3.879483027,2.410330417,P2
4.492045925,3.997507355,3.847134625,2.372016041,P2
4.303536919,3.967902335,3.77054703,2.388874096,P2
4.265307112,4.00829183,3.822252513,2.37251232,P2
4.311809404,4.531857887,3.767842299,2.395531776,P2
4.404384813,4.085173693,3.669817021,2.374514461,P2
4.839908464,7.374425595,3.833398613,2.387414934,P2
4.39785254,4.11789171,3.673009481,2.4141068,P2
4.290339652,3.926350766,3.849190207,2.358536302,P2
4.216585687,3.91899057,3.845741783,2.368617939,P2
4.324214108,3.964735355,3.737793371,2.453111458,P2
4.25217509,4.130659322,3.715989358,2.383149126,P2
4.199295564,4.063369728,3.840286575,2.398031607,P2
4.320194889,3.967309373,3.764274722,2.384116054,P2
4.367071931,4.017668198,3.744841133,2.383737936,P2
4.467568392,3.873015772,3.880925352,2.407961227,P2
4.286900945,3.982406441,3.778178519,2.383139246,P2
4.269253712,4.269777128,3.743284233,2.350155351,P2
4.301301885,3.913865446,3.823266147,2.366466376,P2
4.441392935,4.080982436,3.663972105,2.385293207,P2
4.011766961,3.92034899,3.753657531,2.390448437,P2
4.234881223,3.922979267,3.909258122,2.509898864,P2
4.368362915,4.987176822,3.696122901,2.403794796,P2
4.112803999,4.112751067,3.821521239,2.433557474,P2
4.219808392,3.929007902,3.795719054,2.511713245,P2
4.333953426,3.912170578,3.756419925,2.413267005,P2
4.26168033,4.040403895,3.918701855,2.370473448,P2
4.409421043,3.971683863,3.904736789,2.475763186,P2
4.198183019,4.072131801,3.850120212,2.481154791,P2
4.120080791,3.902562421,3.962832028,2.45068066,P2
4.397338564,4.113774073,3.870859976,2.410091849,P2
4.389719328,4.129102599,3.826030373,2.438438496,P2
4.193583655,4.001673646,3.817641865,2.422030491,P2
4.438199355,3.861710123,3.816095977,2.486041762,P2
4.380984898,4.005122592,3.786949059,2.469531445,P2
4.298997357,3.88859604,3.898990901,2.41057274,P2
4.504340691,3.967307058,3.852749641,2.42508091,P2
4.537031174,4.199674425,3.840170132,2.417780793,P2
4.312765584,3.990360859,4.016727192,2.426655662,P2
4.530912596,3.923391577,3.895901892,2.426833323,P2
4.425689637,3.965283472,3.835798247,2.411323341,P2
4.350804263,3.94123436,3.910093143,2.425450858,P2
4.456294298,4.576264797,3.857199311,2.46558659,P2
4.538734741,5.318587971,4.003128101,2.393791838,P2
4.17801408,3.994069143,3.969372718,2.435404362,P2
4.410692056,4.045994039,3.804135562,2.409681566,P2
4.32250161,3.970961862,3.931735166,2.417200095,P2
4.463957055,4.080477975,4.038233785,2.452415031,P2
4.467896763,4.058858928,3.864409761,2.443037627,P2
4.44938456,4.044382929,4.120187463,2.427374827,P2
4.306078145,4.171611162,4.003193313,2.475418904,P2
4.546061631,4.033749879,3.826640196,2.50666022,P2
4.707852077,4.134563589,3.852472537,2.451884839,P2
4.460380747,4.070044898,4.054441058,2.41518082,P2
4.462770184,4.098829716,3.810192779,2.467696453,P2
4.308034302,4.164514911,3.891121598,2.483150895,P2
4.541239971,6.674324108,4.057430373,2.445195755,P2
4.533460767,4.034891444,3.793962747,2.467814333,P2
4.338589273,4.08926201,3.766124998,2.495155351,P2
4.615647041,4.12322023,3.887364893,2.474171587,P2
4.675172311,4.883654945,3.80722027,2.518667315,P2
4.697514356,4.23631486,3.802398073,2.501916069,P2
4.701729637,4.137266396,3.821552969,2.469668274,P2
4.503632727,4.239709885,3.909165975,2.413632998,P2
4.33950677,4.285850229,3.972196394,2.433425874,P2
4.467960978,4.181814367,3.851365743,2.506890195,P2
4.50753208,4.430881281,3.832205012,2.47024704,P2
4.383820904,4.699443303,3.85385819,2.5017047,P2
4.898034049,4.262029802,3.832015209,2.545218616,P2
4.476383157,4.143378445,3.893594975,2.490999362,P2
4.552384414,4.275173367,3.92998409,2.527070483,P2
4.868323225,4.140327875,3.909808325,2.524453845,P2
4.697450894,4.53036748,3.832851248,2.574839401,P2
4.579213797,4.200752999,3.920067313,2.538837116,P2
4.970832351,4.141157808,3.835953303,2.584392192,P2
4.447883971,4.014349714,4.007745362,2.58097444,P2
4.362060766,4.036714293,3.771558433,2.610113804,P2
4.545046877,4.077805064,3.815307247,2.611676421,P2
5.167644317,4.278469484,3.956456452,2.679627929,P2
5.447426546,4.546186228,3.900512469,2.611340898,P2
4.470014648,4.089429412,3.716342932,2.622215647,P2
4.554421509,4.074592995,3.871023532,2.71040741,P2
4.72074779,4.14633304,3.804971553,2.678411598,P2
4.757381542,4.112250455,3.776552463,2.648218018,P2
4.491875977,4.22843108,3.929493526,2.591258982,P2
4.411543183,4.457667221,3.768478588,2.577969261,P2
4.528987314,3.949150762,3.75452527,2.588275074,P2
4.598846123,4.066213078,3.931282531,2.580618673,P2
4.438460164,3.996225953,3.856955977,2.602590312,P2
4.676762068,3.525989528,5.248710227,3.16827083,P3
4.817036785,3.375695979,4.270197733,3.175707029,P3
4.76486626,3.56788812,5.058301779,3.16372653,P3
4.785810881,3.429280449,5.272443051,3.219861322,P3
4.825540477,3.578397281,4.517334508,3.282677268,P3
4.787771722,3.468851882,5.301588602,3.232653169,P3
4.998548833,3.78043728,5.355692348,3.224950705,P3
5.139186498,3.66207477,4.601780436,3.225036001,P3
4.921231717,3.536721186,4.730545619,3.186143207,P3
4.708490975,3.853813559,4.848940691,3.148688385,P3
4.948807184,3.522992739,4.667530973,3.129086676,P3
4.677624543,3.604319798,4.663604739,3.171627571,P3
4.727558419,3.550378075,4.949665002,3.104602034,P3
4.805187297,3.453868249,4.425717432,3.193576621,P3
4.865014809,3.587481676,4.681042648,3.191293683,P3
4.840323654,3.631040472,4.908442066,3.191530006,P3
4.800827956,3.470787276,4.784657081,3.037555685,P3
4.904668965,3.439693786,5.261937012,3.209913117,P3
5.104716249,3.480228313,4.912366733,3.09446066,P3
5.419006964,3.493973803,4.868547666,3.163023214,P3
5.341440857,3.700561399,5.566557585,3.195662348,P3
5.353651708,3.784852301,5.14472522,3.250250826,P3
5.501947281,3.888513772,4.705828836,3.154480355,P3
5.749116893,9.008948329,5.195547193,3.248452309,P3
5.372352363,4.471832177,5.390250701,3.318949553,P3
5.332235848,3.799619138,7.219546611,3.158195673,P3
5.593994257,3.799810619,5.16895571,3.262886905,P3
5.338447652,3.676762121,4.877562565,3.264029078,P3
5.388588719,3.665688006,5.05458488,3.308066715,P3
5.040936356,3.530599722,5.164378596,3.248169704,P3
5.304027359,3.709370577,4.596844664,3.239028427,P3
5.135437147,3.514784284,4.902523957,3.161488607,P3
4.938119619,3.632903178,5.094287835,3.122827849,P3
4.719887271,3.507767009,5.142496087,3.16783093,P3
4.762500907,3.531510614,4.797122973,3.086163649,P3
4.745134285,3.448908573,5.113208507,3.104581653,P3
4.959277091,3.560338896,4.574242532,3.126094237,P3
4.964239314,3.508357244,4.904643378,3.138016753,P3
4.950180592,3.602029186,4.921652653,3.070257392,P3
4.721972836,4.697459086,4.718058797,3.074808337,P3
4.909675537,3.357742617,5.095230278,3.174365786,P3
4.86779417,3.537700539,5.083737619,3.14995274,P3
5.191756583,3.724575974,4.94954731,3.108807635,P3
4.845424065,3.598347294,5.056896843,3.123953499,P3
5.025796829,3.635404551,5.214165509,3.193492056,P3
4.982267323,3.619611653,4.626861773,3.135830791,P3
5.038480295,3.655560481,4.961300645,3.039775039,P3
5.026624332,3.882064268,5.164590214,3.104675728,P3
5.056681046,3.67739393,4.610302316,3.021684694,P3
4.977227928,3.529984876,4.899233304,3.1880228,P3
5.127432676,3.817630496,5.247593023,3.022728357,P3
4.676421943,4.426236741,4.733005644,3.084691568,P3
4.752651955,3.653737432,4.847097304,3.139069035,P3
4.944587446,3.586471802,4.845845703,2.991842888,P3
4.975269965,3.402153043,4.543399124,3.082338274,P3
4.737961499,3.497779327,5.017594759,3.116575537,P3
4.753860281,3.489436341,5.130195777,3.093598014,P3
4.940271331,3.498677064,4.583946694,3.08658532,P3
4.922251343,3.684353036,4.801950463,3.042970936,P3
4.867611203,3.500345187,5.04484882,3.09279963,P3
4.723112258,3.416166209,4.676845668,3.042333551,P3
4.926136,3.539068379,5.184493825,3.103234192,P3
4.531203867,3.536511196,5.025762592,3.159717391,P3
4.734947347,3.882835302,4.490131157,3.026841392,P3
4.809023513,3.56962655,4.825052929,3.029484556,P3
4.981940211,3.668816849,4.83679229,3.103665356,P3
4.99730599,3.733197738,4.842500489,3.021426382,P3
4.854959374,3.58539769,5.080200648,3.126287135,P3
4.772236061,3.491749224,4.871663036,3.141350593,P3
4.906959257,3.502802151,4.743036635,3.08227495,P3
5.04453366,3.544946256,4.78835253,3.066243673,P3
4.825816826,3.581896375,4.882213857,2.984440139,P3
4.84925505,3.915099948,4.638828084,3.050858051,P3
5.06545761,3.626300925,4.666344946,3.045081539,P3
4.88566322,3.457124074,4.429777867,3.072199349,P3
4.825555897,3.845918221,4.818145194,2.969183547,P3
5.036625056,3.76291145,5.037476941,3.034881274,P3
4.557989568,3.867535725,4.523311423,3.028980205,P3
4.645740094,3.620046719,4.862339822,3.04298691,P3
4.712152822,3.605247852,4.815214907,3.064280116,P3
4.553642472,3.503259095,4.830776668,3.048355953,P3
4.418265369,3.588692492,4.734121021,3.012738414,P3
4.81765819,3.692464283,4.946944707,2.968531307,P3
4.421661078,3.500595905,4.495836467,3.094610452,P3
4.603687622,3.524027867,5.033431661,2.990038029,P3
4.555744602,3.662918268,4.68616843,3.091661565,P3
4.526393022,3.604643802,4.492907834,3.014656897,P3
4.600077059,3.648742215,4.802157829,2.94668151,P3
4.549692766,3.823812948,4.929665704,3.061359507,P3
4.628092448,3.560367246,4.448241625,2.954361897,P3
4.543264767,3.58554209,4.953135634,3.0635057,P3
4.545739925,3.768630283,5.093882598,3.087645103,P3
4.621988879,3.632548568,4.506674151,3.062887072,P3
4.703823278,3.704200693,5.306351228,2.996572579,P3
4.496716479,3.818110649,4.693480077,3.004144637,P3
4.596847098,3.417585483,4.331230017,3.050838561,P3
4.575299913,3.657429147,4.707332949,3.109377007,P3
4.24911531,3.840438212,4.717495209,3.556401431,P3
4.367057624,3.783866401,4.697049611,3.022029845,P3
4.35854368,3.698611756,4.93340051,3.079303213,P3
4.425708747,3.763990039,4.291147135,2.925270088,P1_B2
4.488677985,3.707833876,4.30643896,2.925471914,P1_B2
4.335320681,3.524871678,4.219544617,2.846266656,P1_B2
4.46507307,3.687145514,4.133120357,2.943243143,P1_B2
4.371889567,3.735923177,3.991159577,2.900836707,P1_B2
4.19154498,3.684618501,4.115835435,2.860640575,P1_B2
4.293526235,4.608213334,4.275178747,2.846413987,P1_B2
4.165412703,3.512799098,4.284576789,2.97669617,P1_B2
5.379461689,3.989995489,4.188331567,2.863685399,P1_B2
4.373685882,3.646394536,4.280274481,2.914607023,P1_B2
4.282376978,3.546556613,4.198326308,2.871111028,P1_B2
4.20662238,3.709525149,4.362916736,2.989896761,P1_B2
4.30326774,4.071624655,4.134893025,2.91276626,P1_B2
4.30495723,3.68264689,4.29239525,2.913434272,P1_B2
4.156215769,9.336371347,4.140816012,3.044975222,P1_B2
4.253534864,9.04487974,4.048338176,2.881956354,P1_B2
4.351380725,3.543982002,4.275263398,3.017142754,P1_B2
4.365953156,3.537992057,4.171161492,2.944441202,P1_B2
4.152339967,3.54863403,4.198422741,2.84276563,P1_B2
4.091142455,3.660140031,4.115579644,2.974591688,P1_B2
4.158687051,3.687682326,4.016446619,2.963603207,P1_B2
4.237596695,4.729263382,4.302208058,2.966944628,P1_B2
4.350739497,3.53332517,4.271430479,2.871033197,P1_B2
4.362144011,3.662777168,4.053696264,2.97148757,P1_B2
4.269514552,3.441933846,4.122423344,2.971382958,P1_B2
4.183123886,3.523730805,4.339246727,2.986251291,P1_B2
4.192057615,3.848353411,4.176538445,2.980813122,P1_B2
4.219610734,3.671906665,4.249791282,3.02126615,P1_B2
4.237137726,4.370505171,4.311203215,2.9486308,P1_B2
4.155551896,3.948557806,4.380902959,2.992985278,P1_B2
4.570259928,3.662769351,4.233579104,3.088789076,P1_B2
4.339334313,3.649486209,4.464679338,2.893293269,P1_B2
4.328617483,3.588765892,4.418706681,3.017522042,P1_B2
4.304739011,3.622436816,4.251417492,2.971956658,P1_B2
4.26717128,4.263525511,4.251510159,2.995029803,P1_B2
4.257004595,3.681129009,4.189913503,2.871513578,P1_B2
4.329879712,3.68659078,3.989799827,2.966963243,P1_B2
4.326277802,3.741726536,4.287566124,2.891893389,P1_B2
4.16882082,3.632794535,4.509250869,2.860600409,P1_B2
4.275294624,3.726602295,4.119539652,2.970535304,P1_B2
4.276429952,9.160477032,4.235579738,2.885731451,P1_B2
4.590480452,3.811879682,4.417703893,2.972709651,P1_B2
4.418281411,3.626583421,4.189677333,2.914909457,P1_B2
4.480404786,3.617459436,4.197652969,2.962654373,P1_B2
4.295036129,3.639384906,4.27382722,2.96027271,P1_B2
4.428435689,3.75206127,4.229368586,3.039757529,P1_B2
4.440567033,3.684798233,4.184207966,2.934661147,P1_B2
4.554303625,6.391827169,4.483010209,2.983137718,P1_B2
4.615289235,3.73278723,4.117294004,2.918547502,P1_B2
4.466349103,3.758807803,4.457527221,3.035881937,P1_B2
4.539401022,3.594269038,4.478377392,2.900606683,P1_B2
4.494622776,3.558904366,4.405390325,2.985819061,P1_B2
4.691793292,5.350466668,4.391134684,2.972544611,P1_B2
4.543291656,4.316909937,4.288085127,2.995000119,P1_B2
4.413551434,3.611551003,4.176106552,3.01468938,P1_B2
4.367437162,3.697534613,4.241543963,2.980543755,P1_B2
4.366559099,3.588052145,4.328728611,2.988981776,P1_B2
4.40202737,3.665463367,4.270657593,2.992697562,P1_B2
4.460587179,3.721590032,4.231923723,2.994945725,P1_B2
4.435167987,3.695598196,4.226415083,2.976667418,P1_B2
4.367346086,3.621678607,3.992334724,3.027695678,P1_B2
4.454430087,3.974625877,4.317859952,2.955527362,P1_B2
4.45819453,3.644506212,4.481028249,3.045401072,P1_B2
4.528868595,3.780903895,4.06332087,2.936695133,P1_B2
4.465368693,4.837329795,4.386085703,2.986154213,P1_B2
4.615249097,6.342608925,4.53160311,3.008584212,P1_B2
4.49550767,3.676143739,4.249335133,3.002481524,P1_B2
4.398121161,3.683165498,4.214968879,2.980916611,P1_B2
4.429165272,3.585727244,4.425102265,2.930971988,P1_B2
4.359149,3.664738525,4.205211774,3.103327773,P1_B2
4.412064921,3.635278186,4.558125071,3.020291135,P1_B2
4.15056753,3.639897384,4.411641886,3.056436284,P1_B2
4.334270874,4.174605913,4.315994429,2.983818722,P1_B2
4.270724094,3.712235361,4.366622785,3.106466109,P1_B2
4.425796008,4.971465952,4.385488563,2.938395987,P1_B2
4.359812713,4.126609362,4.14151809,3.110562551,P1_B2
4.3801256,4.053142467,4.504890582,3.005623577,P1_B2
4.504938565,3.903812882,4.462985247,3.007009554,P1_B2
4.375417726,3.577320499,4.225747327,3.000918281,P1_B2
4.421805655,3.729244069,4.242241687,3.034896636,P1_B2
4.328210875,3.58570453,4.54173623,3.096065217,P1_B2
4.424786388,4.448130136,4.433208698,3.030978587,P1_B2
4.361355084,3.684476406,4.431815429,3.089600931,P1_B2
4.375908584,3.858137358,4.461089219,3.018678491,P1_B2
4.209866021,3.439267171,4.206120397,3.057155666,P1_B2
4.40556695,3.758063124,4.421387136,3.104420658,P1_B2
4.294725147,3.777518957,4.425992057,3.084382563,P1_B2
4.490123008,3.659864104,4.435932475,3.09448276,P1_B2
4.352634878,3.931753441,4.297801138,3.154685634,P1_B2
4.50737926,3.642290455,4.598129424,3.144679335,P1_B2
4.455123813,4.177616654,4.562185363,3.073038544,P1_B2
4.464177004,3.740557859,4.281224564,3.105683621,P1_B2
4.265136469,3.621866219,4.257885059,3.042858238,P1_B2
4.257747757,3.475166094,4.148647848,3.058609671,P1_B2
4.277568461,3.740939516,4.326358598,3.046473261,P1_B2
4.313169086,3.675827509,4.353941578,3.08908797,P1_B2
4.339376656,3.574722188,4.70331183,2.994834028,P1_B2
4.364556631,3.828074561,4.310133291,3.029338576,P1_B2
4.145842411,3.601231795,4.487074059,3.02892915,P1_B2
4.218421592,3.638059618,4.645908125,3.076183377,P1_B2
3.194557387,3.807748993,3.268563137,2.621964976,P1_B6
3.169723202,3.804225364,3.320458458,2.554448068,P1_B6
3.226174469,3.831030235,3.311876891,2.607346533,P1_B6
3.219873496,3.854334383,3.195159233,2.643616019,P1_B6
3.156989628,3.914483839,3.145077185,2.615423701,P1_B6
3.189279033,3.768988937,3.14230175,2.623303479,P1_B6
3.07465683,3.926006804,3.19771075,2.552508309,P1_B6
3.129058057,3.846196501,3.290918487,2.627625594,P1_B6
3.229165117,3.862566336,3.308604327,2.64399539,P1_B6
3.216614264,3.743284256,3.167482764,2.669432511,P1_B6
3.201704308,3.688808411,3.276958312,2.645408687,P1_B6
3.223940413,3.556765757,3.267522746,2.610223117,P1_B6
3.156295668,3.543254641,3.248864914,2.587150863,P1_B6
3.313854907,3.68906109,3.262617732,2.591505142,P1_B6
3.362100998,3.673030119,3.294422206,2.622966377,P1_B6
3.156849883,3.603787239,3.350076037,2.682361668,P1_B6
3.207639875,3.6214423,3.22660058,2.691417097,P1_B6
3.164370426,3.625041852,3.252338273,2.676331714,P1_B6
3.290755978,3.794495003,3.192728331,2.688266914,P1_B6
3.214679549,3.646998376,3.335711945,2.582309814,P1_B6
3.292443901,3.728258472,3.332486918,2.606196401,P1_B6
3.48937589,3.763618251,3.251968941,2.683774088,P1_B6
3.371101399,3.577829436,3.271891127,2.632411693,P1_B6
3.217814767,3.612602864,3.315059732,2.61767872,P1_B6
3.197626561,3.663718009,3.327244776,2.65809349,P1_B6
3.317263185,3.650203771,3.271541585,2.642149853,P1_B6
3.269931523,3.594515168,3.330844348,2.664326292,P1_B6
3.301411186,3.669199831,3.246659335,2.671088498,P1_B6
3.310168693,3.56321125,3.342266309,2.596807862,P1_B6
3.392036039,3.656647248,3.378062256,2.662801619,P1_B6
3.251763758,3.544924908,3.362679531,2.644315324,P1_B6
3.300170855,3.490817373,3.261155484,2.628519617,P1_B6
3.200518214,3.456713753,3.721769449,2.613840197,P1_B6
3.309960295,3.504359775,3.30073656,2.602113259,P1_B6
3.309866776,3.540832501,3.307749302,2.664902778,P1_B6
3.37350435,3.590335559,3.357605268,2.643200806,P1_B6
3.311224431,3.477236013,3.416345312,2.631188069,P1_B6
3.308086151,3.327863859,3.408990141,2.706361228,P1_B6
3.232162405,3.581739264,3.364263584,2.658260876,P1_B6
3.309283498,3.569169935,3.291696586,2.669459986,P1_B6
3.244580327,3.436914083,3.356670805,2.679350132,P1_B6
3.352838577,3.564736359,3.351406274,2.59917232,P1_B6
3.27528382,3.325868134,3.399752891,2.612436451,P1_B6
3.29768748,3.475528357,3.339972293,2.661383343,P1_B6
3.378338552,3.580045424,3.402290477,2.649356157,P1_B6
3.196984479,3.400229549,3.417185167,2.69680948,P1_B6
3.371841588,3.516114101,3.270630078,2.66821982,P1_B6
3.367398588,3.504255398,3.353770088,2.795879921,P1_B6
3.435658789,3.44762924,3.395672793,2.680491598,P1_B6
3.348984955,3.407795676,3.255240221,2.727311996,P1_B6
3.374628165,3.609193505,3.445950584,2.674839473,P1_B6
3.35633252,3.51336941,3.541420528,2.718470764,P1_B6
3.315990425,3.459776301,3.37438946,2.681403649,P1_B6
3.3044517,3.582652279,3.337832386,2.729325981,P1_B6
3.511268238,3.80076146,3.489253667,2.710509445,P1_B6
3.352027442,4.371512573,3.358613332,2.685470319,P1_B6
3.384352638,3.550408777,3.317751941,2.833355978,P1_B6
3.699391858,3.459868529,3.395604875,2.78454385,P1_B6
3.300166636,3.479874233,3.279510419,2.722615384,P1_B6
3.285897658,3.598831007,3.36714573,2.746057121,P1_B6
3.491838437,3.329045119,3.443293968,2.854431899,P1_B6
3.384288546,3.348771052,3.341557598,2.657952463,P1_B6
3.245213431,3.322042955,3.279476789,2.850006644,P1_B6
3.592231601,3.428405758,3.433286946,2.857318905,P1_B6
3.481640524,3.422484258,3.295059253,2.741435184,P1_B6
3.41015194,3.425243601,3.420378869,2.837990172,P1_B6
3.355544138,3.447358237,3.442111893,2.830416994,P1_B6
3.431810544,3.5255635,3.321632343,2.778846304,P1_B6
3.463954994,3.508367729,3.302465646,2.754925324,P1_B6
3.540964693,3.512126863,3.389841598,2.813306667,P1_B6
3.663012815,3.591079414,3.343666603,2.851475956,P1_B6
3.470059028,3.372793525,3.377302151,2.726920189,P1_B6
3.515452318,3.454446559,3.551255328,2.898213939,P1_B6
3.603920771,3.573480539,3.451944116,2.910881134,P1_B6
3.530067052,3.451256304,3.353426866,2.735189998,P1_B6
3.439039624,3.383944562,3.34511271,2.73191778,P1_B6
3.39082644,3.327536109,3.428482271,2.911091661,P1_B6
3.599947685,3.506547713,3.439588063,3.077486318,P1_B6
3.66650302,3.440565433,3.615379556,2.73590302,P1_B6
3.603273658,3.507924486,3.396204107,2.909120895,P1_B6
3.571472873,3.468538784,3.53806633,2.770739258,P1_B6
3.542713362,3.398966255,3.527070265,2.888153055,P1_B6
3.57100172,3.433400035,3.450289179,2.865415125,P1_B6
3.555484091,3.343787171,3.335666738,2.908081376,P1_B6
3.617138798,3.336330513,3.617998326,3.025419787,P1_B6
3.483496845,3.605421334,3.441038141,2.98394969,P1_B6
3.7130749,3.448049447,3.554767862,2.991516034,P1_B6
3.475585942,3.338168035,3.808528973,2.875315455,P1_B6
3.43006945,3.42929157,3.556493376,2.87089137,P1_B6
3.460654185,3.496088513,3.605913796,2.995363871,P1_B6
3.504441597,3.441110301,3.716323289,2.863344558,P1_B6
3.478950654,3.386131445,3.587060433,2.90726177,P1_B6
3.433410198,3.417294085,3.65818117,2.919733942,P1_B6
3.483746466,3.758410459,4.130786097,3.04215293,P1_B6
3.750174044,3.620911844,3.888983291,3.047275244,P1_B6
3.586553052,3.382231678,3.678672743,2.855811919,P1_B6
3.452003588,3.525729692,3.572286174,2.910432241,P1_B6
3.617488052,3.595897907,3.597370746,2.962184907,P1_B6
3.765918276,3.606528474,3.601925819,2.910894458,P1_B6
3.576096083,3.592404589,3.718175507,2.762226128,P1_B6
3.828733806,3.295436798,3.933077399,2.982834574,P2_B2
3.94181687,3.703465018,3.681041425,2.922871724,P2_B2
3.746882913,3.275853261,3.632727207,2.989193538,P2_B2
3.669530581,3.294306256,3.834724801,3.047341513,P2_B2
3.671600399,3.309984446,3.842758115,2.930457733,P2_B2
3.655272937,4.201614826,4.005163187,3.089120007,P2_B2
3.676035304,3.616340879,3.730253661,2.987667802,P2_B2
3.695862364,3.43931988,3.963817055,3.100072392,P2_B2
3.692496094,3.622829802,3.699289628,3.053955143,P2_B2
3.820966119,3.506978526,3.994403024,3.089995828,P2_B2
3.632399005,3.379195749,4.06582001,3.005627766,P2_B2
3.613713867,3.420088313,3.99499948,3.053029313,P2_B2
3.652790677,3.67341858,4.645478661,3.017347363,P2_B2
3.750030587,3.25114635,3.657972278,3.04070823,P2_B2
3.649618023,3.638800187,3.805428652,3.280713689,P2_B2
3.585496653,3.268430482,3.706190733,2.99695513,P2_B2
3.650860587,3.196547973,3.595057798,3.049900118,P2_B2
3.636314363,3.264468474,3.642900754,3.187874733,P2_B2
3.562443987,3.306303812,3.684904541,2.999559501,P2_B2
3.544124674,4.894636332,3.674705652,3.031446555,P2_B2
3.498228343,3.416355728,3.580299351,3.060293071,P2_B2
3.411939569,3.220385472,3.693332247,3.117578928,P2_B2
3.530102695,3.3028479,3.909874392,3.031255238,P2_B2
3.472485867,3.251570536,3.713653049,3.043989722,P2_B2
3.49116438,3.676314713,3.840922395,2.987700942,P2_B2
3.639890744,3.351160911,3.721998868,2.947358449,P2_B2
3.523471709,3.22587141,3.870176133,3.099481468,P2_B2
3.644433385,3.314416348,3.643754807,2.9569364,P2_B2
3.699023808,3.232306246,3.744248841,2.974899372,P2_B2
3.575520928,3.179787841,3.675925676,2.941667776,P2_B2
3.629651835,3.218669049,3.600193828,2.898266936,P2_B2
3.628486008,3.768716038,3.837562671,2.862499733,P2_B2
3.760028907,3.337643136,3.750799459,2.969585255,P2_B2
3.670562815,3.235488351,3.568531176,2.991195198,P2_B2
3.663540649,3.403895089,3.657324557,3.004628227,P2_B2
3.656615473,3.800990042,3.925382549,3.04699712,P2_B2
3.497264443,3.745188286,3.831903401,2.935241046,P2_B2
3.531400645,3.245412692,3.857091419,3.064893738,P2_B2
3.601825204,3.198638033,3.814590592,3.003522619,P2_B2
3.599237529,3.25004556,3.642885436,2.978230303,P2_B2
3.455751576,4.072426636,3.734599725,3.139480728,P2_B2
3.458919886,3.324116033,3.711856965,3.151595036,P2_B2
3.446079034,3.294080655,3.773646987,3.317420912,P2_B2
3.703376115,3.365894509,3.669042585,2.941182919,P2_B2
3.522340851,3.162897048,3.659276461,2.975207467,P2_B2
3.629968816,3.212493259,3.794181341,2.949601258,P2_B2
3.660970156,3.466480791,3.615384078,3.015487992,P2_B2
3.471884104,3.352374463,3.557133655,3.190795934,P2_B2
3.413387018,3.550998979,3.663688577,2.937434188,P2_B2
3.565133595,3.27757385,3.846354686,2.982292555,P2_B2
3.518497897,3.220826901,3.798253864,2.916862575,P2_B2
3.580922684,3.244548931,3.881454881,2.872974962,P2_B2
3.569499593,3.338778343,3.741807799,2.935044426,P2_B2
3.545280839,3.249611239,3.75520107,3.033137022,P2_B2
3.711753789,3.310994382,3.691762341,2.950373696,P2_B2
3.652164726,5.43654144,3.54473375,3.084694099,P2_B2
3.438448876,4.540152709,3.771101371,2.996727452,P2_B2
3.585756548,3.476776009,3.507154915,3.13745142,P2_B2
3.567238961,3.42485634,3.699247237,2.967205538,P2_B2
3.418672496,5.663414578,3.725197192,2.940542544,P2_B2
3.714792483,5.60244174,3.631665571,2.958650149,P2_B2
3.647261295,3.828704291,3.593115863,2.930872935,P2_B2
3.667327503,4.867616344,3.790272389,3.022149269,P2_B2
3.544620932,3.358199622,3.823999225,3.036535642,P2_B2
3.579318605,3.307146771,3.794865763,3.015340355,P2_B2
3.432251465,7.038804169,3.88165441,2.937870136,P2_B2
3.674549689,3.366437066,3.847460378,2.981457315,P2_B2
3.694629097,3.429343522,3.692887477,2.956020651,P2_B2
3.566204584,3.327817462,3.729139855,2.94254704,P2_B2
3.613548444,4.556259713,4.010829005,3.197142733,P2_B2
3.578552073,3.356405199,3.52116415,2.873319522,P2_B2
3.531965436,3.207471186,3.705296412,2.926256148,P2_B2
3.483853248,3.317288036,3.815996517,2.958705239,P2_B2
3.598884951,3.445706323,3.615355326,2.977447574,P2_B2
3.646335078,3.287197281,3.675083402,2.857453976,P2_B2
3.531761112,5.138130301,3.609240771,3.058942649,P2_B2
3.567931593,3.270273459,3.703934356,2.847581743,P2_B2
3.508457688,3.615584027,3.662782794,2.928307104,P2_B2
3.401560164,3.302608218,3.777159227,3.014748222,P2_B2
3.399018792,3.336571406,4.024351788,2.980323881,P2_B2
3.455253315,3.283606224,3.987796045,2.955317409,P2_B2
3.519290746,3.200812537,3.965115945,2.973362117,P2_B2
3.426982503,3.244561862,3.874841401,2.923834802,P2_B2
3.441262036,3.61337336,3.851474588,2.977987123,P2_B2
3.449540825,3.272767352,3.465108605,2.977939464,P2_B2
3.572808259,3.239158748,3.467932009,3.002847816,P2_B2
3.477426246,3.242145217,3.597295664,2.966500088,P2_B2
3.460487825,4.674281309,3.558807512,2.962748104,P2_B2
3.487174797,3.135340842,3.677840984,2.958983759,P2_B2
3.619386485,3.392352261,3.635194507,2.993011826,P2_B2
3.315590305,5.469211708,3.637693651,3.154958908,P2_B2
3.464469184,3.538776474,3.580023769,2.847349277,P2_B2
3.469198614,3.375119179,3.600862129,3.062690135,P2_B2
3.449190786,3.141602316,3.52209922,2.929906299,P2_B2
3.557733562,4.611999117,3.651366676,2.943568969,P2_B2
3.530546624,3.151493392,3.678329651,3.053387128,P2_B2
3.480824716,3.311317763,3.740861596,3.096454772,P2_B2
3.660218835,3.197338414,3.556424545,2.99209874,P2_B2
3.683050817,3.244202454,3.652936767,2.913693488,P2_B2
3.452697774,3.562676288,3.763218528,2.956977554,P2_B2
3.501938993,3.517720276,3.665008425,2.700374536,P2_B6
3.588220306,3.483467879,3.587177261,2.715866029,P2_B6
3.648671122,3.476256536,3.532466632,2.794070298,P2_B6
3.55395175,3.655671862,3.560647166,2.928107912,P2_B6
3.565873765,3.600967294,3.666900939,2.926894064,P2_B6
3.63805838,3.691962213,3.701296656,2.914751511,P2_B6
3.669038017,3.594470392,3.60478161,2.937471209,P2_B6
3.915892267,3.633036032,3.982215577,2.896511343,P2_B6
3.955052865,3.977246757,3.570441666,3.003507543,P2_B6
3.550765546,3.712414546,3.58797032,3.011703571,P2_B6
3.631820828,3.767023447,3.745052959,2.974798333,P2_B6
4.082052339,3.948605237,3.598150257,2.858870825,P2_B6
3.752011998,3.805850607,3.571682955,2.911475952,P2_B6
3.70891937,3.800207272,3.705155965,2.894528051,P2_B6
3.818706677,3.9906595,3.658637711,2.911394379,P2_B6
3.680343487,3.762156356,3.724809038,2.874146573,P2_B6
3.682385423,4.032584116,3.681304338,2.734835741,P2_B6
3.87514135,4.210093544,3.750695692,2.623519373,P2_B6
3.807303462,4.103457804,3.612965975,2.651124871,P2_B6
3.859199788,3.888414229,3.801100533,2.620632985,P2_B6
3.871463595,4.389977288,3.730537038,2.615183059,P2_B6
3.738650342,4.02237481,3.807564914,2.548739224,P2_B6
3.74037159,3.967765107,3.838863294,2.56625386,P2_B6
3.852714441,4.033156254,3.666547385,2.587365354,P2_B6
3.76616003,4.288154572,3.69550017,2.531805437,P2_B6
3.850286534,4.242201073,3.757390167,2.552111716,P2_B6
3.943518009,4.206031765,3.737876885,2.603374809,P2_B6
3.747282617,3.956844918,3.726132255,2.561585533,P2_B6
3.820899436,4.130556479,3.738049378,2.59004684,P2_B6
3.81674776,4.13685621,3.526938449,2.634875714,P2_B6
3.865006875,3.972491797,3.748448588,2.575127857,P2_B6
3.826716024,4.151933137,3.71724428,2.543199992,P2_B6
3.880917444,4.189168432,3.767287653,2.539441408,P2_B6
3.851584013,4.088155004,3.706640809,2.545765885,P2_B6
3.945947153,5.092831172,3.806118819,2.565409005,P2_B6
3.946458614,4.206596001,3.726211871,2.556751471,P2_B6
3.849023371,4.104192075,3.752371554,2.582409846,P2_B6
3.805104873,4.117046058,3.757365708,2.56865473,P2_B6
3.841105526,3.907573423,3.669667423,2.553362086,P2_B6
3.748679929,4.064066303,3.799718035,2.572176171,P2_B6
3.871706864,3.874866725,3.733423256,2.574663616,P2_B6
3.859255233,4.20171035,3.702308767,2.604116541,P2_B6
3.717584368,3.969172895,3.769597341,2.639377935,P2_B6
3.899363808,4.145345614,3.769472898,2.627758513,P2_B6
3.981386214,4.117967791,3.721069386,2.644118869,P2_B6
3.906699406,4.081602284,3.760535961,2.61447303,P2_B6
4.265947102,4.34116224,3.808501541,2.59881183,P2_B6
4.145719645,4.117587614,3.802347475,2.653690859,P2_B6
3.952782004,3.880938467,4.021048381,2.586180335,P2_B6
4.001064208,4.137549323,3.752449636,2.583740162,P2_B6
3.970246832,4.146116727,3.756333,2.604817078,P2_B6
3.864030842,3.965512947,3.746157715,2.590523625,P2_B6
3.842857195,3.964212192,3.830460409,2.594669193,P2_B6
3.756912895,4.108854261,3.921544299,2.604759505,P2_B6
3.768179633,3.894432212,3.871156674,2.630608292,P2_B6
3.831060472,3.945443313,3.839547287,2.574275075,P2_B6
3.89102674,3.935612154,3.81407282,2.566641399,P2_B6
3.771415957,3.989845302,3.857702786,2.578976228,P2_B6
3.815700629,4.102127744,3.907110914,2.556183491,P2_B6
3.767552503,3.99476443,3.823886005,2.587300312,P2_B6
3.765439484,4.113370657,3.842938208,2.595480044,P2_B6
3.943370484,5.066293496,3.791003922,2.585002436,P2_B6
3.75028781,4.594336985,3.725595043,2.585325467,P2_B6
3.842610055,4.20394055,3.79251996,2.579427186,P2_B6
3.8867886,4.155537387,3.786938473,2.582470076,P2_B6
3.62262227,4.394988727,3.896440819,2.5571333,P2_B6
3.78435,4.04899134,3.901932159,2.583776868,P2_B6
3.932717243,4.124820649,3.824703933,2.585876042,P2_B6
3.802331593,4.233000095,3.778813032,2.578729692,P2_B6
3.793230485,3.860727786,3.849005801,2.596251171,P2_B6
3.803747745,4.048181036,3.893760347,2.578473108,P2_B6
3.777511034,4.229848038,3.879904794,2.629017406,P2_B6
3.853347253,3.899975469,3.892181905,2.594648138,P2_B6
3.866098051,3.995812728,3.864821527,2.628916235,P2_B6
3.819841482,3.973540205,3.877606107,2.573810431,P2_B6
3.983884606,4.001925924,3.901408857,2.602785824,P2_B6
4.044976461,4.127050883,3.786414306,2.567099705,P2_B6
3.924894454,4.070343276,3.903950063,2.617468989,P2_B6
3.814541258,4.032991084,3.92718651,2.572629735,P2_B6
3.684071398,4.029713253,3.820533593,2.60446045,P2_B6
3.825670146,3.888810301,3.830378676,2.582370004,P2_B6
3.966296608,3.973543756,3.922548915,2.609339597,P2_B6
3.764368177,4.135564321,3.828905391,2.60473072,P2_B6
4.069716403,3.984210098,3.847003422,2.551589574,P2_B6
3.808356007,3.75990767,3.864346049,2.577680206,P2_B6
3.979793614,4.118009177,3.915616823,2.580860989,P2_B6
3.957193118,4.20610574,3.831289116,2.600201615,P2_B6
3.777587556,4.429855374,3.760369592,2.601944611,P2_B6
3.768735619,4.053406296,3.806530886,2.590261735,P2_B6
3.906214209,3.995892552,3.809037071,2.566326396,P2_B6
3.828639512,4.34085115,3.823276537,2.584573039,P2_B6
3.864114893,5.301657585,3.865259009,2.562324569,P2_B6
3.782073771,4.466601785,3.984854581,2.529883616,P2_B6
3.830154657,3.95019306,3.820859503,2.585554141,P2_B6
3.823466164,3.961287273,3.878872036,2.604504664,P2_B6
3.847216858,3.914684253,3.876470128,2.600682221,P2_B6
3.862217104,4.088736312,3.812372768,2.608601975,P2_B6
3.814109432,4.222433169,3.748518618,2.5960225,P2_B6
3.708640114,3.876124403,3.735986045,2.572935358,P2_B6
3.76746237,4.039068806,3.95309567,2.582077413,P2_B6
4.029104329,3.536618801,4.906643986,2.967623288,P3_B2
4.105300555,3.543357016,4.832347607,2.955751798,P3_B2
4.168692833,3.409300929,4.712882403,3.007778808,P3_B2
3.885994269,3.355944456,4.790100714,2.968024903,P3_B2
4.037392368,3.533056917,4.945067859,2.939084876,P3_B2
4.034932487,3.633649596,4.946345744,2.975534067,P3_B2
4.055968157,3.588472341,4.230777144,3.054543687,P3_B2
4.044725289,3.465264822,5.202153983,2.940253006,P3_B2
4.057972792,3.774849925,5.011810328,3.053097764,P3_B2
4.040548088,3.458215489,4.619777837,3.00066665,P3_B2
4.081734604,3.637729838,4.811929575,2.961126984,P3_B2
3.881437409,3.489370306,4.917613508,3.102350501,P3_B2
3.808536926,3.454622505,4.207902578,2.966939319,P3_B2
3.914783757,3.468177108,4.923645327,2.97901713,P3_B2
3.957875513,3.589823971,4.642283254,3.022276425,P3_B2
3.848576799,3.444080261,4.281586396,2.979757363,P3_B2
4.096100078,3.567156804,4.782501306,2.928670065,P3_B2
3.988983994,3.545862549,4.697637762,2.942348673,P3_B2
3.758026623,3.339195452,4.2820831,3.009609558,P3_B2
3.869433968,3.756838457,4.790594078,3.030432439,P3_B2
3.925833447,3.588500291,5.251833362,3.12352512,P3_B2
3.920501852,9.818134523,4.68021784,2.982453928,P3_B2
3.931424569,4.894646231,4.589960865,2.964768091,P3_B2
4.02412917,3.503031941,5.021685855,2.972276022,P3_B2
4.045623477,3.503106094,5.383003701,2.977066329,P3_B2
4.0227699,3.494525462,4.713481681,2.980000953,P3_B2
4.001388746,3.413699118,5.117126073,2.93966519,P3_B2
4.114932516,3.589019402,5.107163251,3.004393417,P3_B2
3.918443265,3.450850563,4.691307526,2.981185128,P3_B2
4.014347377,3.428447315,5.371345544,2.960187803,P3_B2
3.902344172,3.774949409,4.839493122,2.95614911,P3_B2
3.873100218,3.42835775,4.559701922,2.930257508,P3_B2
3.937360072,3.562488753,4.754992188,2.952656796,P3_B2
3.886486429,3.572056204,4.640558337,2.964550885,P3_B2
3.946027719,3.366432896,4.804828156,3.015850461,P3_B2
3.883932388,3.416691614,4.785568464,3.028204135,P3_B2
3.839928899,3.521999979,4.755509636,2.953226051,P3_B2
3.848412209,3.543303999,4.463573882,2.993441147,P3_B2
4.033240758,3.68927239,4.87889785,3.066543414,P3_B2
3.777096259,3.78461408,4.908443862,2.942414695,P3_B2
3.778316783,3.378487535,4.562974975,2.982583918,P3_B2
4.073956789,3.511740506,4.895616521,2.926591893,P3_B2
4.01414049,3.710014119,4.85555982,2.928100808,P3_B2
3.874342466,3.421840705,4.289294411,2.92380835,P3_B2
3.909888384,3.45480152,4.782631744,2.928939953,P3_B2
3.897024918,3.635342728,4.928015221,2.993648412,P3_B2
3.905833897,3.399809366,4.709037595,2.945881669,P3_B2
3.986983835,3.460812688,4.98110534,2.990714766,P3_B2
3.79558234,3.534614583,4.7874742,2.982370363,P3_B2
3.752671371,3.424523442,4.447758183,2.954447966,P3_B2
4.001096689,3.570552681,4.849023781,3.025598869,P3_B2
3.900515982,3.489456456,4.913432472,3.230783398,P3_B2
3.861706457,3.262034719,4.689955022,3.005401488,P3_B2
3.760285456,3.32171986,4.669118188,2.999040835,P3_B2
3.992214751,3.282829499,4.849323772,2.968014061,P3_B2
4.062936159,3.572075576,4.888202039,3.026630621,P3_B2
4.043856292,3.72882902,4.779532431,2.963485313,P3_B2
3.980394465,3.570496625,5.380672475,3.021895995,P3_B2
3.907515023,3.816497176,4.414658819,2.994192242,P3_B2
4.592014035,4.293330279,4.986336991,2.9545073,P3_B2
4.058254325,3.369771609,4.575114937,2.925039361,P3_B2
4.101716367,3.319587457,4.679279239,2.944757387,P3_B2
4.133274142,3.345565344,4.847251924,2.943265055,P3_B2
4.199624357,3.451382122,4.692615997,3.011195836,P3_B2
4.154588901,3.460276044,4.483940528,2.918830455,P3_B2
4.171163975,3.433288477,4.321954529,2.971459929,P3_B2
4.393275715,3.515022451,4.866234367,2.977758048,P3_B2
4.196746326,3.379537366,4.638268752,3.043842986,P3_B2
4.43457342,3.461441624,4.596748467,2.991876524,P3_B2
4.149107194,3.550503221,4.588415436,3.023770418,P3_B2
4.219848483,3.46630476,4.594625689,3.049467771,P3_B2
4.315418522,3.657250767,4.881258787,3.034711768,P3_B2
4.271607754,3.580771032,4.555763092,3.028472284,P3_B2
4.545744152,3.701181587,4.751594457,3.021478431,P3_B2
4.205248452,3.341948884,4.529479171,2.969953995,P3_B2
4.260062713,4.069262241,4.774147248,3.010235633,P3_B2
4.435666473,3.551218183,4.889426318,2.905944433,P3_B2
4.419096865,3.441138687,4.565627476,2.961018296,P3_B2
4.202285619,3.446791734,4.785484571,2.939156988,P3_B2
4.258452932,3.526115896,4.907658755,2.956057178,P3_B2
4.565199342,3.663676777,4.558502989,3.006300688,P3_B2
4.55433188,3.566128175,5.012680125,2.947967929,P3_B2
4.61716098,3.608959689,5.002184153,3.014455729,P3_B2
4.276980769,3.44812896,4.658443147,2.907354062,P3_B2
4.521371978,3.671873998,4.774958062,3.01122307,P3_B2
4.437953117,3.605720825,5.120836819,3.029136108,P3_B2
4.259417919,4.42783723,4.475846513,3.001241631,P3_B2
4.189429055,3.424856389,5.138267315,3.011579291,P3_B2
4.23301141,3.489576865,4.941707353,2.968123554,P3_B2
4.434462819,3.43904441,4.623236133,3.042341694,P3_B2
4.341666471,3.36629758,5.021837387,2.995994974,P3_B2
4.370027652,3.46760029,5.06852865,2.922355808,P3_B2
4.250662985,3.612543916,4.909345037,3.038219308,P3_B2
4.343469135,3.506002595,4.849574504,2.895902695,P3_B2
4.292611552,3.435680337,4.937264774,3.022589117,P3_B2
4.122813191,3.57887493,4.665222059,2.950852423,P3_B2
4.43330963,6.084560349,4.715605869,3.052635017,P3_B2
4.246683318,3.949691955,4.861895308,3.035326599,P3_B2
4.34916721,3.472281387,4.732719449,2.973026067,P3_B2
4.44365977,3.539515079,4.77589544,2.97658428,P3_B2
3.592700883,4.605914933,4.050786671,3.297161686,P3_B6
3.721709544,4.701941579,4.076626683,3.234964612,P3_B6
3.611689785,4.52371009,3.913083591,3.199136454,P3_B6
3.746429335,4.556417756,4.033147103,3.18232636,P3_B6
3.787339257,4.492534187,4.063945636,3.290584768,P3_B6
3.649155166,4.520594059,4.034242345,3.172763272,P3_B6
3.791316121,4.47589533,4.009403254,3.108683077,P3_B6
3.802382568,4.339823756,3.906914886,3.138942745,P3_B6
3.778005042,4.302623051,3.801709346,3.087945376,P3_B6
3.88991723,4.275501624,3.910136622,3.025861381,P3_B6
3.887796333,4.223535834,4.087131651,3.196908721,P3_B6
3.708166727,4.064793727,3.899973249,3.14834758,P3_B6
3.97235254,4.572271545,4.147363946,3.071334181,P3_B6
3.677278656,4.540747839,3.813871849,3.141579549,P3_B6
3.729270244,4.298643689,3.881805155,3.098966961,P3_B6
3.9622405,4.359080171,3.848202534,3.056143013,P3_B6
3.928474842,4.273591792,3.753611608,3.129461446,P3_B6
3.898373256,4.245479955,3.905326729,3.127750055,P3_B6
3.922456453,4.256978404,4.001863755,3.043607414,P3_B6
3.900952282,4.363233168,3.829368714,3.041813595,P3_B6
3.931154166,4.274208014,3.877164074,3.038937622,P3_B6
3.889629302,4.330532855,4.003354752,3.054614717,P3_B6
3.8005515,4.431593664,3.820351349,3.102449456,P3_B6
3.966271949,4.400179496,4.036402234,3.049301324,P3_B6
3.873126108,4.385934419,3.925905217,3.076807876,P3_B6
3.896970705,4.408063553,3.774553856,3.038423565,P3_B6
3.895595827,4.234256708,4.020762609,3.049338895,P3_B6
3.88494579,4.432319837,3.777532665,3.019557205,P3_B6
4.071412273,4.398848764,3.93212377,3.037102753,P3_B6
3.819744909,4.148175686,3.789108263,3.031108721,P3_B6
3.811650312,4.636511958,3.944239956,3.039564849,P3_B6
3.960865023,4.330733032,3.776244288,3.014035711,P3_B6
4.06489512,4.417820567,4.189080668,3.102199335,P3_B6
3.861982745,4.493712507,3.861445775,3.116589082,P3_B6
3.915621265,4.517855652,3.786646196,3.07121608,P3_B6
4.015538997,4.498795303,4.113377922,3.102483688,P3_B6
3.946129346,4.415592592,4.086681392,3.069288718,P3_B6
3.880759854,4.399876838,4.10891825,3.058019926,P3_B6
3.871285969,4.596852517,4.075388503,3.086040196,P3_B6
4.235557801,4.467072833,4.111619461,3.09977458,P3_B6
3.962866915,4.411258348,4.036203122,3.055460141,P3_B6
3.991642925,4.506947415,4.192836658,3.103025337,P3_B6
3.85502908,4.477918894,3.997105286,3.046223397,P3_B6
4.298047365,4.443754526,3.991059728,3.02286835,P3_B6
3.940569657,4.567097779,4.06555426,3.033059954,P3_B6
3.952693407,4.645856089,4.224178717,3.111285751,P3_B6
3.896844466,4.336145779,4.06595031,3.04023083,P3_B6
3.801175932,4.472963233,4.045778475,3.077770844,P3_B6
4.012490889,4.444662468,4.274608163,3.029385001,P3_B6
3.944201998,4.27653975,3.992255107,3.033929916,P3_B6
3.899095941,4.233962054,4.345205938,2.996113259,P3_B6
3.908415732,4.363648345,4.041442375,2.995993946,P3_B6
3.907031075,4.658208557,4.05892941,3.032192601,P3_B6
4.030985293,4.397883392,4.309078818,2.988083694,P3_B6
3.902516019,4.521839313,4.043508919,3.008842404,P3_B6
3.965644659,4.826703346,4.040182178,3.001644343,P3_B6
4.031080655,4.417482243,4.161996205,3.022831488,P3_B6
4.346950508,4.592778593,4.02980362,2.966360938,P3_B6
4.066959619,4.954614496,4.524160003,3.006819963,P3_B6
3.919306507,4.336211184,4.354767667,2.917365754,P3_B6
3.961469487,4.287343341,4.656056548,2.993047163,P3_B6
4.017415545,4.5001294,4.388831271,2.927552461,P3_B6
4.097808738,4.639745989,4.475820616,3.03445186,P3_B6
4.078576649,4.384254774,4.44164939,3.049807347,P3_B6
4.092114106,4.464541536,4.449963152,3.009479941,P3_B6
4.041026464,4.281292816,4.436136275,2.980740593,P3_B6
4.197652254,4.558422503,4.832367508,3.030457614,P3_B6
4.237638958,4.659409502,4.647631253,2.975652645,P3_B6
4.160678328,4.828861695,5.102489677,2.996083969,P3_B6
4.310324308,4.489419903,4.524857754,2.932650314,P3_B6
4.134109775,4.868561917,4.89532003,3.042476039,P3_B6
4.119526597,4.663655002,4.994781387,3.066393403,P3_B6
4.320506164,4.587261221,4.571125711,2.968647207,P3_B6
4.165042481,4.822064597,4.646829475,2.989691214,P3_B6
4.059944773,4.648626553,4.696276676,3.013503091,P3_B6
4.354455613,4.616331852,4.608334501,3.174205276,P3_B6
4.135376432,4.662918876,4.620949242,3.032500382,P3_B6
4.167892693,4.387456879,4.648569441,2.980201571,P3_B6
4.248051099,4.537310277,4.716635968,2.965947228,P3_B6
4.21286254,4.692328733,4.592533181,2.994998894,P3_B6
4.208315663,4.561587218,4.646028576,2.949853319,P3_B6
4.361908747,4.770443455,4.280298382,2.975728288,P3_B6
4.238853093,4.573457056,4.407270097,2.997107204,P3_B6
4.197221709,4.607168681,4.686160325,2.984226953,P3_B6
4.100556066,4.281712224,4.618361474,2.996667163,P3_B6
4.265567732,4.53232225,4.413759338,2.939662653,P3_B6
4.28234093,4.734138057,4.575488811,3.001383321,P3_B6
4.310115113,4.443331136,4.423848925,3.008934359,P3_B6
4.347628811,4.742487205,4.439929873,2.991286901,P3_B6
4.387136808,4.503550446,4.484286575,3.078899763,P3_B6
4.320277842,4.575935468,4.403577864,3.065457727,P3_B6
4.434348016,4.680080081,4.819756985,3.047210169,P3_B6
4.255546862,4.766438298,4.574855663,3.019861003,P3_B6
4.235820546,4.666651789,4.473775834,3.040759027,P3_B6
4.346409246,4.620647378,4.638964534,3.104179376,P3_B6
4.445951208,4.823843649,4.890145469,3.016658149,P3_B6
4.382422221,4.927639172,4.593623719,3.033816608,P3_B6
4.187279273,4.545268958,4.696818445,3.039945805,P3_B6
4.416716284,4.487493602,4.686583756,3.149848698,P3_B6
4.213443982,4.380176385,4.465541978,3.022194976,P3_B6
4.2922681,4.033977175,3.926611577,3.210122534,B2_P1P2P3
4.070745703,3.599937631,3.799496576,3.483698224,B2_P1P2P3
4.433752805,3.521414771,3.893614909,3.192546179,B2_P1P2P3
4.199401016,3.668334095,3.813922468,3.298061184,B2_P1P2P3
4.186807346,3.739495093,3.924985473,3.192433832,B2_P1P2P3
4.436262688,3.645391423,3.93085278,3.310932164,B2_P1P2P3
4.199861243,3.596056796,3.99542358,3.326132372,B2_P1P2P3
4.204733654,3.615316744,4.138397805,3.217938166,B2_P1P2P3
4.404573308,3.689501423,3.936825801,3.109603588,B2_P1P2P3
4.155626146,3.717045683,3.749875705,3.356033693,B2_P1P2P3
4.263230981,3.90337745,3.785635157,3.380864363,B2_P1P2P3
4.152767715,3.752445452,4.044621996,3.218669023,B2_P1P2P3
4.239017592,3.763422661,3.940509151,3.443274759,B2_P1P2P3
4.184284957,3.74268911,3.848957437,3.270570931,B2_P1P2P3
4.135612498,3.764714823,3.982751841,3.106207434,B2_P1P2P3
3.958622802,3.727021884,3.969522758,3.214144437,B2_P1P2P3
4.127567482,3.685125045,4.133528939,3.203246915,B2_P1P2P3
4.135425026,3.730048273,3.831227417,3.276901728,B2_P1P2P3
3.821541279,3.769898429,3.983820205,3.473080445,B2_P1P2P3
4.357234007,3.533365219,5.240798189,3.273146582,B2_P1P2P3
4.39139624,3.63241976,3.887660118,3.207319574,B2_P1P2P3
4.300190322,3.581357342,3.822617209,3.285743533,B2_P1P2P3
3.950683604,3.794899709,3.787020083,3.321632238,B2_P1P2P3
4.26880536,3.669334064,3.910709211,3.290728766,B2_P1P2P3
3.972465726,3.685205602,3.716451357,3.343886632,B2_P1P2P3
4.101439525,3.641722787,4.041619149,3.136962374,B2_P1P2P3
4.242874727,3.379532938,3.89110795,3.259724935,B2_P1P2P3
4.005561297,3.78495827,3.748984374,3.150983671,B2_P1P2P3
3.969522486,4.960182305,3.913723232,3.313920754,B2_P1P2P3
4.719496663,3.634090888,4.093425327,3.17413646,B2_P1P2P3
4.156188356,3.654345428,4.017051656,3.110787456,B2_P1P2P3
3.914857226,4.687777832,3.727907987,3.167515643,B2_P1P2P3
4.013451653,3.518987533,3.783187101,3.141569242,B2_P1P2P3
4.288736785,3.666512755,4.007396052,3.474880481,B2_P1P2P3
4.210679355,3.694200559,3.81358113,3.204814087,B2_P1P2P3
4.406311371,3.587234433,3.960549567,3.528498371,B2_P1P2P3
4.201048544,3.777460423,3.931040132,3.328497093,B2_P1P2P3
4.375344889,3.733554336,3.911067256,3.534714311,B2_P1P2P3
4.137045743,3.699733642,4.104877337,3.389922514,B2_P1P2P3
4.000716301,3.599143701,3.9832797,3.17575887,B2_P1P2P3
4.159680977,3.651840997,3.966642669,3.183676164,B2_P1P2P3
4.227300794,3.789264218,4.060555166,3.367211701,B2_P1P2P3
4.767349147,3.609461109,3.89610361,3.315951962,B2_P1P2P3
4.356308388,3.666952995,4.015155706,3.161724833,B2_P1P2P3
4.052456433,3.730202158,3.950149281,3.363510533,B2_P1P2P3
4.167138058,3.567275802,3.948564103,3.310132741,B2_P1P2P3
3.97677975,3.712471798,4.162768896,3.299890363,B2_P1P2P3
4.02807991,3.67949526,3.843113778,3.313281272,B2_P1P2P3
4.29388529,3.641190198,4.094417373,3.155251028,B2_P1P2P3
4.103813895,3.678329292,4.337103949,3.263768914,B2_P1P2P3
4.088609603,3.779016005,3.801375114,3.206716465,B2_P1P2P3
3.866617618,3.635327465,3.923874876,3.171531768,B2_P1P2P3
3.963238362,3.873458164,4.172833341,3.138130922,B2_P1P2P3
4.042680946,3.754515769,3.96676628,3.34279821,B2_P1P2P3
4.165876728,4.055288981,4.616085655,3.335867515,B2_P1P2P3
4.105063459,5.182328137,3.959645206,3.269718162,B2_P1P2P3
4.042859967,4.388577007,4.001239559,3.174621435,B2_P1P2P3
3.939346624,3.506424244,4.141663021,3.246704437,B2_P1P2P3
3.967513797,4.038388482,3.704299472,3.145445156,B2_P1P2P3
3.962122259,3.585392572,3.833037861,3.252916063,B2_P1P2P3
4.300308058,3.627041777,4.106795163,3.268087063,B2_P1P2P3
3.878321221,3.504230061,3.860160438,3.312147075,B2_P1P2P3
3.892559487,5.851761096,4.098354513,3.426909181,B2_P1P2P3
4.152230176,3.603727932,4.26290128,3.217795698,B2_P1P2P3
3.93574378,3.717610732,3.923050406,3.210879193,B2_P1P2P3
4.033302234,3.637518638,4.001839636,3.307558232,B2_P1P2P3
3.968695702,3.650870372,3.92298017,3.257453495,B2_P1P2P3
3.99009616,3.502153998,3.633150462,3.340898554,B2_P1P2P3
4.379332398,3.814895031,3.947743156,3.210409039,B2_P1P2P3
4.204701498,3.536425924,3.819333665,3.111472816,B2_P1P2P3
4.154561886,3.550758204,4.225744036,3.282782293,B2_P1P2P3
4.8747982,4.029891961,3.793523559,3.113169629,B2_P1P2P3
4.293130153,3.500902409,4.143048814,3.319883388,B2_P1P2P3
4.278381848,3.727540693,3.954677826,3.312085025,B2_P1P2P3
4.238983079,3.791982234,4.031081627,3.088581063,B2_P1P2P3
5.866482022,5.135382557,4.038607573,3.260293313,B2_P1P2P3
3.984328944,3.439110825,3.90559674,3.065941679,B2_P1P2P3
4.583582538,3.609085955,4.06142971,3.333809703,B2_P1P2P3
3.964952431,3.539596062,4.050037768,3.396352831,B2_P1P2P3
4.105375599,3.690306395,3.890874627,3.247664235,B2_P1P2P3
4.146275991,3.644624237,4.026511945,3.45676962,B2_P1P2P3
4.524347251,3.622872555,3.94665491,3.36338101,B2_P1P2P3
4.005766359,3.579198288,4.080633707,3.394268875,B2_P1P2P3
4.011883802,3.576203463,3.887392344,3.189098123,B2_P1P2P3
4.118711489,3.651807649,4.0322597,3.182855993,B2_P1P2P3
4.265078709,3.595464303,4.085413823,3.108784789,B2_P1P2P3
3.841953107,3.534243527,3.984576311,3.099003335,B2_P1P2P3
3.839189055,3.522627102,3.852595643,3.07817043,B2_P1P2P3
4.06273209,3.53096936,3.858145266,3.328053441,B2_P1P2P3
4.170163761,3.669469554,4.201084975,3.08604249,B2_P1P2P3
4.012104982,3.67586439,4.158831813,3.135376134,B2_P1P2P3
4.169342092,4.971624794,3.904425865,3.142415582,B2_P1P2P3
3.904659607,3.535295496,3.977846966,3.155654035,B2_P1P2P3
3.857135865,3.625992968,4.205269651,3.081394497,B2_P1P2P3
4.051928067,3.707641276,4.049656214,3.391937951,B2_P1P2P3
4.170045686,3.54065987,4.145685039,3.071864044,B2_P1P2P3
3.96341085,3.588497599,4.099899133,3.205268573,B2_P1P2P3
4.019663485,3.712745431,3.818536266,3.16626286,B2_P1P2P3
4.187573434,3.479451551,3.725942021,3.209207178,B2_P1P2P3
3.821843313,4.227075268,4.08414523,3.372487967,B2_P1P2P3
4.948152538,6.153715216,4.051524336,2.998994463,B6_P1P2P3
4.705628747,5.870258213,4.534627554,2.956076105,B6_P1P2P3
4.745558312,5.567154644,4.442535034,2.983849098,B6_P1P2P3
4.944000075,5.569312163,4.195943161,2.953509081,B6_P1P2P3
4.762005457,5.524666182,4.191496015,2.941337588,B6_P1P2P3
4.892105701,5.909756783,4.560674901,2.936340146,B6_P1P2P3
4.929977405,6.657338709,4.608386086,3.122126891,B6_P1P2P3
5.452405208,5.531469151,4.134411714,2.845866127,B6_P1P2P3
5.011251573,5.507986502,4.455771718,2.873552733,B6_P1P2P3
4.509199375,5.824951931,4.36952939,2.802944274,B6_P1P2P3
5.008865734,6.051549266,4.022977961,3.113589208,B6_P1P2P3
5.140889897,5.510495337,4.054265372,3.115301622,B6_P1P2P3
4.787436044,5.247243789,4.184504254,2.855744731,B6_P1P2P3
4.696445437,5.396207866,3.999627262,2.880483574,B6_P1P2P3
4.5501877,6.377011144,4.328884377,2.967128839,B6_P1P2P3
4.921869471,5.605363627,4.370461108,3.102186671,B6_P1P2P3
4.936203358,5.285824817,4.334718236,2.907489203,B6_P1P2P3
4.702567849,6.118052038,4.336984265,3.068979981,B6_P1P2P3
4.75863467,6.379848882,4.372965145,3.101953712,B6_P1P2P3
4.89842572,5.589830159,4.109841279,2.884369645,B6_P1P2P3
4.846582048,5.385031227,4.041104211,2.914818606,B6_P1P2P3
4.891609341,5.913388408,4.41094529,3.001345747,B6_P1P2P3
4.866465035,6.597294765,4.517604546,2.934734445,B6_P1P2P3
4.999913449,5.581840248,4.482280175,3.024096203,B6_P1P2P3
5.050636567,5.370418327,4.148473384,2.980153628,B6_P1P2P3
5.112237618,5.88859116,4.249867774,2.968582528,B6_P1P2P3
4.781714082,6.559878291,4.527608038,3.13245787,B6_P1P2P3
5.063846012,5.875013464,4.183252905,2.937951713,B6_P1P2P3
5.43155701,5.644055216,4.170244684,2.905356848,B6_P1P2P3
4.923452629,5.906540292,5.054895235,2.904269428,B6_P1P2P3
4.842289964,6.35443676,4.07357719,2.975034317,B6_P1P2P3
4.382533977,6.11075622,4.12397109,3.069795029,B6_P1P2P3
4.662543826,6.004995954,5.222150171,2.939592063,B6_P1P2P3
4.943924911,6.492224237,4.62589006,2.92691805,B6_P1P2P3
4.592803056,5.934154342,4.105025729,3.081725626,B6_P1P2P3
4.701783446,5.408089499,4.275592354,2.960049854,B6_P1P2P3
4.792201116,5.483924354,4.229372271,2.958317919,B6_P1P2P3
5.034830451,5.954992807,4.369393116,3.051126656,B6_P1P2P3
5.089264606,6.293668473,4.438408715,3.331825718,B6_P1P2P3
5.057881609,5.361489924,4.208466616,2.922897601,B6_P1P2P3
4.586859201,5.636536426,4.115908108,2.991318072,B6_P1P2P3
5.022148297,6.357450086,4.528664217,3.149604689,B6_P1P2P3
4.910883221,5.916123365,4.513765812,2.945873182,B6_P1P2P3
5.096090148,5.317158194,4.338418674,2.952862299,B6_P1P2P3
4.840512903,6.138533211,4.296756188,2.990434794,B6_P1P2P3
4.864839594,6.371345525,4.747877019,2.975607302,B6_P1P2P3
4.918314947,5.705649272,4.300946829,3.083244749,B6_P1P2P3
4.836154568,5.666220032,4.490924398,3.005899007,B6_P1P2P3
4.98531094,6.276554269,4.251916975,3.023297901,B6_P1P2P3
5.234716932,5.770447007,4.657947509,3.00780821,B6_P1P2P3
5.018309117,5.358350559,4.34097945,2.91746824,B6_P1P2P3
5.208027641,6.009317605,4.239782183,3.137532195,B6_P1P2P3
4.82667083,6.078235889,4.69208878,3.067702365,B6_P1P2P3
4.627427905,5.879296538,4.521030985,3.04813704,B6_P1P2P3
4.785825601,5.746200233,4.416305756,3.017881605,B6_P1P2P3
4.94648653,6.145345121,4.399715082,2.923243914,B6_P1P2P3
4.66541109,6.070919053,4.402523982,3.206049561,B6_P1P2P3
4.699690852,6.695239971,4.199771203,3.044283895,B6_P1P2P3
4.892400537,5.295538978,4.003063311,2.883012579,B6_P1P2P3
4.975069985,5.894552757,4.324978533,2.862665326,B6_P1P2P3
5.163520615,6.458675896,4.242841856,3.140572219,B6_P1P2P3
4.889299939,5.706634916,4.193562776,2.951502622,B6_P1P2P3
4.953484589,5.564407283,4.253239947,2.886703536,B6_P1P2P3
5.060592667,6.482116388,4.461119658,2.938947737,B6_P1P2P3
4.84749289,6.063318116,4.080397067,3.018085642,B6_P1P2P3
4.809968972,5.493778305,4.470372999,2.92647179,B6_P1P2P3
4.695974128,6.121643996,4.412055438,3.289150593,B6_P1P2P3
4.826939351,5.916528287,4.234839222,3.244723167,B6_P1P2P3
5.072666662,5.585218398,4.267402087,2.86142309,B6_P1P2P3
4.762174752,5.675766455,4.269931565,3.059730842,B6_P1P2P3
4.751157673,6.071114696,4.111203452,3.309230805,B6_P1P2P3
5.047259307,5.600472143,4.582419777,2.902680854,B6_P1P2P3
5.006178116,5.620169283,4.605064615,2.929971943,B6_P1P2P3
4.528818899,5.996857419,4.370097056,3.065373064,B6_P1P2P3
4.581536827,5.645271532,4.283950058,3.182897548,B6_P1P2P3
5.23539579,5.619111633,4.362014765,2.840248048,B6_P1P2P3
5.055980675,5.75639742,4.27038975,3.003199616,B6_P1P2P3
4.587413759,6.659006028,4.267496427,3.140533443,B6_P1P2P3
4.689583687,5.990673895,4.296902853,3.038055301,B6_P1P2P3
5.049663053,5.643522506,4.25260838,2.917889666,B6_P1P2P3
4.993359804,6.728335334,4.263302304,3.049214139,B6_P1P2P3
4.954285531,6.814784213,4.067271033,2.969515011,B6_P1P2P3
5.329551635,5.41766143,4.391960272,3.087196879,B6_P1P2P3
4.7774737,6.107716866,4.266101376,3.075341311,B6_P1P2P3
4.737530612,6.424731507,4.250743642,3.109886965,B6_P1P2P3
4.861824559,5.855684047,4.165262353,3.024776752,B6_P1P2P3
5.063299376,5.599314307,4.34372732,2.94523088,B6_P1P2P3
5.064679178,6.813735831,4.205939801,3.340900295,B6_P1P2P3
4.699785612,5.920442393,4.164106049,2.926270113,B6_P1P2P3
5.297844441,6.238705424,4.248285171,3.050784267,B6_P1P2P3
4.946062742,6.443416922,4.363514663,2.913300737,B6_P1P2P3
4.997670123,6.380233877,4.449258189,3.03058159,B6_P1P2P3
4.553158079,5.804991375,4.476300287,2.9422354,B6_P1P2P3
5.245538396,6.133642546,4.261830114,3.036381173,B6_P1P2P3
4.85886975,6.250357992,4.235867127,3.051421267,B6_P1P2P3
4.578319839,5.670069262,4.39204819,2.962954711,B6_P1P2P3
4.943289608,6.128144464,4.380399688,3.076100202,B6_P1P2P3
5.011413591,5.881024696,4.499057369,3.107647273,B6_P1P2P3
4.536314302,5.319288786,4.061659811,2.902126789,B6_P1P2P3
5.206991559,6.264126271,4.351798382,3.060016458,B6_P1P2P3
3.890392095,5.93608706,3.81986176,3.328248081,All_Faulty
3.967233729,5.738408122,4.007751428,3.165360451,All_Faulty
3.849182299,6.042885734,4.330552685,3.147389528,All_Faulty
4.164482648,6.094500439,3.968374274,3.171905051,All_Faulty
4.092111012,5.727664965,3.933721891,3.084042668,All_Faulty
4.026045667,5.824067607,4.203019419,3.095864849,All_Faulty
3.864118582,5.730931619,4.062469666,3.075681054,All_Faulty
4.163378652,5.888901153,3.825778639,3.186185838,All_Faulty
3.903032524,6.097823156,3.790411735,3.096023653,All_Faulty
4.181872662,6.265031659,4.100067464,2.885934674,All_Faulty
3.901382963,5.826787608,3.812631792,2.908998796,All_Faulty
4.132230839,5.718685382,3.686281807,2.953966296,All_Faulty
3.889394081,6.020560624,4.042674178,3.047788247,All_Faulty
4.266549533,5.860165004,4.249766834,2.959878584,All_Faulty
3.987890422,5.632053906,3.98479261,2.990180341,All_Faulty
4.15036895,5.518665545,4.175357827,2.886476125,All_Faulty
4.080364588,5.321637139,3.931001278,2.976871093,All_Faulty
4.643445402,5.834533241,3.708992469,2.932996949,All_Faulty
4.292049406,5.179642273,4.035832166,2.979774554,All_Faulty
4.338099105,5.327134089,3.913972519,2.840145167,All_Faulty
4.504622949,5.262960697,3.734435411,2.924266221,All_Faulty
4.526071899,5.938301279,4.023618877,3.020907685,All_Faulty
4.260251735,5.676508009,4.040963636,2.854667072,All_Faulty
4.313787643,5.120826346,3.937814277,2.959667911,All_Faulty
4.100806576,6.33226676,3.860076134,2.913458951,All_Faulty
4.140471083,5.863704874,4.206930072,2.946980881,All_Faulty
4.356160359,5.345989301,4.387862106,2.945236023,All_Faulty
4.233285287,5.464328521,3.904529556,2.929621255,All_Faulty
3.773784478,5.728373231,4.328638481,2.891996293,All_Faulty
4.016892245,5.741911107,3.91313203,3.042195833,All_Faulty
4.042596226,5.496450399,3.636134284,2.913645869,All_Faulty
3.971324486,5.929481874,4.068301283,2.916623713,All_Faulty
4.04592344,6.04630087,3.951449274,2.934248605,All_Faulty
4.078824641,6.86329711,3.848577707,2.962159678,All_Faulty
3.855215997,6.930497123,3.794792746,3.183276296,All_Faulty
4.25077444,6.198123025,4.126997815,3.047692752,All_Faulty
3.943201166,5.861599679,3.809457243,3.054969052,All_Faulty
4.463043943,6.615241302,4.029423881,2.935181997,All_Faulty
4.320259606,6.299367106,4.144143967,2.980233376,All_Faulty
4.091131207,5.474557444,3.898676275,2.870390898,All_Faulty
4.100705486,5.894500152,3.839839306,3.125063968,All_Faulty
4.45010781,6.034362677,4.159627399,2.986508318,All_Faulty
4.200951624,7.09172228,3.940026081,3.030535803,All_Faulty
4.211607753,5.892002273,3.645705715,2.942047733,All_Faulty
3.981760783,6.169432129,3.993652025,2.954630652,All_Faulty
4.0737996,5.879735977,4.105967837,2.915799375,All_Faulty
4.025141448,5.745947488,3.697876314,2.834743163,All_Faulty
3.90915227,6.138749894,3.853720403,2.875641079,All_Faulty
3.749483067,5.51024619,3.949625723,2.914290658,All_Faulty
4.141254695,5.84019014,3.879118036,2.957022517,All_Faulty
4.295847935,5.866454617,3.798916276,2.97466779,All_Faulty
4.098031792,5.92292456,3.817470036,3.050936345,All_Faulty
4.151544555,5.493166189,3.837363232,2.832545236,All_Faulty
4.289756393,5.627618068,3.773441131,2.898946236,All_Faulty
4.555402807,5.640655411,3.781624129,2.873402083,All_Faulty
4.406036918,5.975902287,3.869357337,3.072366685,All_Faulty
4.401687783,5.720689022,3.844408042,2.89721202,All_Faulty
4.358517598,5.527559655,3.904913017,3.110282509,All_Faulty
4.667688538,5.663538552,3.772999654,2.987727452,All_Faulty
4.573634639,5.564676715,3.984071477,2.919434464,All_Faulty
4.256185467,5.80436902,3.875252922,2.94272546,All_Faulty
4.353507723,5.662401705,4.010294687,3.053997983,All_Faulty
3.953405529,5.558650476,3.889153966,3.122013267,All_Faulty
4.00168119,5.672788046,3.724843837,3.189950079,All_Faulty
3.853371011,5.951803317,4.362044522,2.98421054,All_Faulty
3.970550643,6.190090561,3.895677246,2.980696401,All_Faulty
3.940656152,5.935755651,3.940254609,3.01063881,All_Faulty
4.04802568,6.398385651,3.957542624,3.05686235,All_Faulty
4.171481651,6.991528393,3.958299779,3.050526598,All_Faulty
4.496231322,5.873965174,4.0369919,2.988938847,All_Faulty
4.47105376,6.34534567,3.769876034,3.160907053,All_Faulty
4.008347198,6.365518071,3.977900198,2.936680411,All_Faulty
4.172453977,6.052155292,3.691720381,2.99450498,All_Faulty
3.907271055,6.166343044,3.78495007,3.040961071,All_Faulty
4.253303435,6.267373473,3.811123335,2.886673137,All_Faulty
4.176727127,5.674519077,3.829032726,2.988570604,All_Faulty
4.170333997,6.22702411,3.705846451,2.963931063,All_Faulty
4.162905636,6.863979874,3.589330266,2.901288929,All_Faulty
3.902828022,6.538156107,3.830302318,3.029938718,All_Faulty
3.861709943,6.210517984,4.058927302,2.809542458,All_Faulty
4.04898367,6.141171811,3.624999271,2.967159501,All_Faulty
3.945506452,7.62884903,3.91460362,2.963765241,All_Faulty
4.222447015,6.321448663,3.879208382,2.91357908,All_Faulty
4.319174482,5.265988986,3.818597869,3.04094667,All_Faulty
4.337652647,5.372775262,3.948500032,2.868131916,All_Faulty
4.563036898,5.607785183,3.726690291,2.920981932,All_Faulty
4.39790451,5.532283949,3.823931761,2.942040165,All_Faulty
4.395168317,6.112607093,3.767613701,2.863004521,All_Faulty
4.21542116,5.262130404,3.881272404,2.891553362,All_Faulty
3.991475123,5.729216653,3.838900185,2.919563269,All_Faulty
4.647746332,5.386775063,3.691354341,3.013521781,All_Faulty
4.483437902,5.555918706,4.248138071,2.951088797,All_Faulty
4.242250862,5.973452435,3.852966286,3.009088032,All_Faulty
3.841174641,5.79326223,3.609855247,3.015641836,All_Faulty
3.894562381,5.735244029,4.093482866,2.922527755,All_Faulty
3.898213693,5.698873608,3.91563175,2.920121441,All_Faulty
3.936107853,6.146790021,3.684040665,3.006514511,All_Faulty
4.249823757,5.717503786,3.828807999,2.999581102,All_Faulty
4.348252043,6.086017632,3.889814768,2.985294636,All_Faulty
3.976181109,6.117789352,3.761196388,3.043120167,All_Faulty
