6.098582375,4.340912499,3.979363917,Healthy
6.401814382,4.373642286,3.966111659,Healthy
6.301465402,4.457626136,4.11889182,Healthy
5.985073157,4.25587791,4.092984399,Healthy
6.407856649,4.499907203,3.966164551,Healthy
6.129976889,4.396395373,4.121686993,Healthy
6.421486566,4.374896567,4.327128035,Healthy
6.102329085,4.354815383,4.032984839,Healthy
6.246901021,4.23333313,4.258928812,Healthy
6.269069044,4.305315377,4.004444591,Healthy
6.175769016,4.295765381,3.888496896,Healthy
6.034639078,4.250745843,4.141436308,Healthy
6.179300383,4.459591944,3.996452256,Healthy
6.23649177,4.406550581,4.052903698,Healthy
6.278908621,4.507160287,4.057931794,Healthy
6.077126119,4.283737006,3.986218137,Healthy
6.293375343,4.462584612,3.984176356,Healthy
6.004377593,4.129587569,3.98837643,Healthy
6.308023311,4.110566544,4.071435151,Healthy
6.053395664,4.252369143,4.051605855,Healthy
5.939967566,4.243973175,3.981267327,Healthy
5.96003006,4.494179956,4.075912718,Healthy
6.125736281,4.250963057,4.099671855,Healthy
5.757806291,4.310290524,3.890938,Healthy
6.022074826,4.212757916,3.998054104,Healthy
6.061743417,4.107132991,3.967944867,Healthy
6.293756019,4.303312319,4.264591796,Healthy
6.055680666,4.238197151,3.960529908,Healthy
6.872214948,4.211974527,4.136211267,Healthy
6.103839906,4.717469373,3.965581683,Healthy
5.850361288,4.172954576,4.10268756,Healthy
5.998354395,4.107249874,3.985868042,Healthy
5.791557644,4.342801703,3.902847898,Healthy
6.124247301,4.220555551,3.855754268,Healthy
5.852136508,4.228600826,3.947679509,Healthy
6.150475767,4.383846536,3.987334083,Healthy
6.257508398,4.040836964,3.881736772,Healthy
5.95556372,4.123122569,4.00798736,Healthy
6.126197131,4.141920069,3.907714856,Healthy
6.013510878,4.261757468,4.015477385,Healthy
5.927568969,4.203368287,3.913159509,Healthy
6.028179913,4.492521258,4.093620451,Healthy
6.147548775,4.174958368,4.199352197,Healthy
5.884112193,4.168343791,3.930274594,Healthy
6.353728617,4.276543122,3.926902921,Healthy
5.760856054,4.429116603,3.926721314,Healthy
6.023383993,4.458964166,3.991876145,Healthy
6.465216426,3.953609186,3.941122545,Healthy
5.894586452,4.294480567,4.023770786,Healthy
5.700790942,3.988961085,3.957132752,Healthy
6.156545049,4.014211964,3.875574663,Healthy
6.102067591,4.237446694,3.920383587,Healthy
6.116595292,4.344747654,3.957850436,Healthy
6.296683521,4.131216264,3.951288729,Healthy
5.892187031,4.152401878,4.010205003,Healthy
6.217655154,3.907797638,4.20752898,Healthy
5.503120523,4.277929634,3.896907394,Healthy
6.111667003,4.270139141,3.999060293,Healthy
6.364180976,4.272234323,4.057020332,Healthy
5.859805695,4.449522737,3.889040419,Healthy
5.692746163,4.014093266,3.926973019,Healthy
6.040789198,4.374659692,4.043761506,Healthy
6.114372108,4.175902644,3.987568946,Healthy
6.24088102,4.140961745,4.08729592,Healthy
6.074359443,4.167909373,4.014603448,Healthy
5.767184978,4.001967458,4.242827146,Healthy
6.281391715,4.108823138,4.134579892,Healthy
6.250095497,4.235086527,4.006298694,Healthy
5.998963476,4.179943327,3.938432432,Healthy
5.873361495,4.048018557,3.927081848,Healthy
5.951488375,4.30681498,3.752394719,Healthy
6.061758368,4.115505968,3.941348167,Healthy
6.009000079,4.039430418,4.472475276,Healthy
6.269308735,4.76919522,3.764360256,Healthy
6.327057785,3.982425704,4.003459063,Healthy
6.044661567,4.267664628,4.032054114,Healthy
5.71770497,3.922046042,3.946346189,Healthy
5.906446245,4.061904579,4.090854284,Healthy
6.340055677,4.365056226,3.925066925,Healthy
6.12925807,4.424891447,3.830637163,Healthy
6.239293568,4.117959113,4.233572162,Healthy
6.234332028,4.296168114,3.918613856,Healthy
5.769881747,4.213617417,3.89587874,Healthy
5.777692082,4.107221852,4.074179468,Healthy
5.853064849,4.07821216,4.00067852,Healthy
6.263278839,4.562246368,3.74643912,Healthy
5.858521325,4.464686009,3.876199834,Healthy
5.937526031,4.357116647,4.071640204,Healthy
5.956679023,4.182700574,4.155278893,Healthy
5.70853231,4.149827491,3.857550643,Healthy
6.494777106,4.280616154,4.004003121,Healthy
5.659420727,4.218076414,4.04007079,Healthy
6.520128534,4.250687785,3.85490519,Healthy
6.029391384,4.30969413,4.00239394,Healthy
6.017501012,4.154440753,4.028998401,Healthy
6.02350469,4.161284033,4.08440826,Healthy
6.038460261,4.306395997,3.903106929,Healthy
6.06702065,4.33782489,3.901112482,Healthy
5.992364036,4.324991998,4.114219812,Healthy
6.0389142,4.125367782,4.12059586,Healthy
4.730500168,4.032714425,3.748418041,P1
4.785839815,3.998102135,3.604161391,P1
4.654968608,4.007097062,3.655052714,P1
4.214959892,3.906327305,3.687552974,P1
4.564916379,3.980443392,3.678282696,P1
4.775249433,3.927674469,3.571434346,P1
4.251019478,3.873088811,3.736655093,P1
4.449376857,4.065624163,3.698466985,P1
4.732483329,3.949354993,3.696023295,P1
4.623918099,3.791600166,3.622962707,P1
4.758696787,4.2174145,3.637700601,P1
4.697303879,4.009437899,3.710232869,P1
4.415431562,4.022020501,3.636116756,P1
4.926305484,5.236271721,3.770867624,P1
4.572992153,4.062824005,3.630149143,P1
4.760013706,4.191987335,3.607710187,P1
4.836385382,4.252968227,3.815887269,P1
4.789603385,4.380964293,3.822626158,P1
5.171943379,4.13242912,3.722653874,P1
5.78241862,4.001534476,3.675271737,P1
7.246798038,4.550591468,3.892855802,P1
4.524861738,4.436594471,3.648868932,P1
4.619001688,4.243771638,3.684108697,P1
4.718994666,4.253906392,3.680899587,P1
4.672981127,4.129071914,3.67657099,P1
4.518662551,4.329879535,3.726169956,P1
4.480038326,4.070527958,3.575628206,P1
4.532119944,4.262319497,3.717549586,P1
4.719355931,4.26588065,3.548614527,P1
4.996287246,4.270257757,3.671087399,P1
5.102813773,4.145954702,3.657717731,P1
4.874875714,4.402292115,3.723529421,P1
4.352359097,3.989266259,3.598666895,P1
4.406123149,4.39144155,4.034905284,P1
4.750201905,4.1305403,3.808002489,P1
4.672374197,4.331968682,3.640831375,P1
4.519969142,4.29771742,3.611976992,P1
4.843895192,3.957119049,3.876785516,P1
4.986380146,4.188604862,3.979372254,P1
4.608488026,4.083804308,3.603273703,P1
4.701605389,4.090704288,3.63561043,P1
4.709196568,4.184397271,3.981082138,P1
5.044178553,4.200940655,3.762377459,P1
5.138221601,4.131250118,3.624802212,P1
4.736536945,4.14523335,3.737406198,P1
4.945301799,4.192681647,3.824955705,P1
4.811750718,3.995921613,3.869850685,P1
4.515925079,4.029718251,3.757559105,P1
4.624336661,3.989170253,3.569491598,P1
5.377325771,4.116307951,3.910324723,P1
4.674205979,4.034468362,3.978535522,P1
5.092103506,4.050584394,3.723486992,P1
4.743496161,3.94898046,3.908805145,P1
4.605144603,3.93771067,3.69687962,P1
4.637733754,3.993230471,3.802543171,P1
4.796861245,4.074987437,3.970406301,P1
4.816487658,3.906886499,3.753084316,P1
4.667967166,4.050746986,3.592156548,P1
4.522398511,4.129727006,3.806944653,P1
4.888766049,4.238146014,3.95231677,P1
4.783573433,4.064423881,3.660949651,P1
4.772041133,4.12327884,3.503850482,P1
4.529636839,3.822059957,3.602883915,P1
5.106894397,4.083768339,3.720829967,P1
5.150148644,4.322358986,3.69448162,P1
4.619277101,4.21845875,3.789559167,P1
4.512165088,4.255604512,4.008896821,P1
4.917310149,4.184192377,3.689825173,P1
4.964928836,4.345451324,3.801150145,P1
4.737821711,4.357903689,3.782373814,P1
4.652474882,4.383764257,3.791018309,P1
4.537927077,4.179291535,3.659543843,P1
4.674312259,4.339528978,3.744122826,P1
4.749599096,4.492325044,3.806632578,P1
4.835209656,4.367578753,3.90904803,P1
4.608124204,4.24246745,3.79523181,P1
4.511932397,4.308244807,3.755492096,P1
4.636016055,4.109793277,3.794416337,P1
4.650584969,4.34318606,3.828237892,P1
4.720665759,4.383878839,3.84476062,P1
5.099806497,4.219924371,3.855723106,P1
4.491040993,4.143972103,3.809958735,P1
4.419543678,4.156866218,3.897137298,P1
4.701924207,4.334461142,3.880957487,P1
4.976436329,4.313775283,3.862431835,P1
4.686768353,4.381957729,3.942705741,P1
4.64377423,4.17617718,3.83284106,P1
4.406913857,4.501918036,3.86621669,P1
4.683107994,4.54867824,4.060528943,P1
4.864649091,4.477756836,3.917914433,P1
4.653730479,4.216427267,3.803896044,P1
4.948108285,4.119904348,3.69804868,P1
4.551593881,4.170229236,3.744245376,P1
4.694845257,4.148094349,4.126072318,P1
5.023029769,4.18490562,3.97188194,P1
4.80020115,4.047066535,3.790047684,P1
4.78020519,4.078353228,3.776564533,P1
4.741379068,4.228494206,3.84607135,P1
4.91958727,4.191891667,3.806572772,P1
5.025649447,4.320254113,3.947307644,P1
4.926991432,4.510714549,3.991300502,P2
5.125205375,4.270012288,3.902315717,P2
4.861636513,5.061686404,3.929613106,P2
4.871761301,4.277308058,3.965025125,P2
5.105038176,4.183093762,3.619759584,P2
4.972337867,4.116015653,3.85617463,P2
4.835635197,4.376168461,3.953802994,P2
5.184119134,4.072030215,3.693057847,P2
4.978215587,4.493837569,3.819967065,P2
5.214626245,4.571047733,3.850419247,P2
5.301159485,4.395620832,3.753005404,P2
4.659675031,4.343186186,3.879483027,P2
4.860304657,4.492045925,3.847134625,P2
4.999160953,4.303536919,3.77054703,P2
4.827043083,4.265307112,3.822252513,P2
4.933194509,4.311809404,3.767842299,P2
4.631458756,4.404384813,3.669817021,P2
5.110299042,4.839908464,3.833398613,P2
4.986846757,4.39785254,3.673009481,P2
4.700514617,4.290339652,3.849190207,P2
4.724253584,4.216585687,3.845741783,P2
4.788333802,4.324214108,3.737793371,P2
4.610380576,4.25217509,3.715989358,P2
4.820448744,4.199295564,3.840286575,P2
4.845083772,4.320194889,3.764274722,P2
5.029491142,4.367071931,3.744841133,P2
5.040245682,4.467568392,3.880925352,P2
5.375749083,4.286900945,3.778178519,P2
4.764726761,4.269253712,3.743284233,P2
4.718298448,4.301301885,3.823266147,P2
4.697662722,4.441392935,3.663972105,P2
4.94052891,4.011766961,3.753657531,P2
5.089015678,4.234881223,3.909258122,P2
5.068944578,4.368362915,3.696122901,P2
4.866079553,4.112803999,3.821521239,P2
4.882005603,4.219808392,3.795719054,P2
4.978453512,4.333953426,3.756419925,P2
4.548323512,4.26168033,3.918701855,P2
4.349541546,4.409421043,3.904736789,P2
4.146735385,4.198183019,3.850120212,P2
4.064248806,4.120080791,3.962832028,P2
4.149763324,4.397338564,3.870859976,P2
4.91230059,4.389719328,3.826030373,P2
4.565006836,4.193583655,3.817641865,P2
4.473227065,4.438199355,3.816095977,P2
4.616422463,4.380984898,3.786949059,P2
4.593636694,4.298997357,3.898990901,P2
4.576744142,4.504340691,3.852749641,P2
4.514695509,4.537031174,3.840170132,P2
4.547111976,4.312765584,4.016727192,P2
4.516870938,4.530912596,3.895901892,P2
4.498900036,4.425689637,3.835798247,P2
4.891265347,4.350804263,3.910093143,P2
4.843878194,4.456294298,3.857199311,P2
4.633162821,4.538734741,4.003128101,P2
4.891274866,4.17801408,3.969372718,P2
4.541288049,4.410692056,3.804135562,P2
4.605826712,4.32250161,3.931735166,P2
4.284013055,4.463957055,4.038233785,P2
4.044415213,4.467896763,3.864409761,P2
4.334633507,4.44938456,4.120187463,P2
4.113966679,4.306078145,4.003193313,P2
4.007128922,4.546061631,3.826640196,P2
4.263133294,4.707852077,3.852472537,P2
4.125822471,4.460380747,4.054441058,P2
4.014998375,4.462770184,3.810192779,P2
4.103726064,4.308034302,3.891121598,P2
4.248045451,4.541239971,4.057430373,P2
4.004829369,4.533460767,3.793962747,P2
3.919529794,4.338589273,3.766124998,P2
3.851325973,4.615647041,3.887364893,P2
3.89738647,4.675172311,3.80722027,P2
4.151632752,4.697514356,3.802398073,P2
4.170054714,4.701729637,3.821552969,P2
3.963720719,4.503632727,3.909165975,P2
4.142933838,4.33950677,3.972196394,P2
4.186818564,4.467960978,3.851365743,P2
4.486912355,4.50753208,3.832205012,P2
4.063426233,4.383820904,3.85385819,P2
4.063816113,4.898034049,3.832015209,P2
4.199231865,4.476383157,3.893594975,P2
4.262564751,4.552384414,3.92998409,P2
4.112689387,4.868323225,3.909808325,P2
4.163173372,4.697450894,3.832851248,P2
4.121032114,4.579213797,3.920067313,P2
5.774728776,4.970832351,3.835953303,P2
4.007059127,4.447883971,4.007745362,P2
4.074211217,4.362060766,3.771558433,P2
3.939404266,4.545046877,3.815307247,P2
3.952605848,5.167644317,3.956456452,P2
3.961862511,5.447426546,3.900512469,P2
3.926772396,4.470014648,3.716342932,P2
4.052272423,4.554421509,3.871023532,P2
3.789134609,4.72074779,3.804971553,P2
4.229694811,4.757381542,3.776552463,P2
3.9173974,4.491875977,3.929493526,P2
3.870533078,4.411543183,3.768478588,P2
4.023143947,4.528987314,3.75452527,P2
4.086348091,4.598846123,3.931282531,P2
4.011354993,4.438460164,3.856955977,P2
3.986276358,4.676762068,5.248710227,P3
4.339785003,4.817036785,4.270197733,P3
4.330903891,4.76486626,5.058301779,P3
4.209654676,4.785810881,5.272443051,P3
4.482321183,4.825540477,4.517334508,P3
4.579751882,4.787771722,5.301588602,P3
4.427601923,4.998548833,5.355692348,P3
4.547542363,5.139186498,4.601780436,P3
4.486856383,4.921231717,4.730545619,P3
4.870674436,4.708490975,4.848940691,P3
4.586847755,4.948807184,4.667530973,P3
4.927336817,4.677624543,4.663604739,P3
4.507509432,4.727558419,4.949665002,P3
4.600227016,4.805187297,4.425717432,P3
4.564146726,4.865014809,4.681042648,P3
4.406152004,4.840323654,4.908442066,P3
4.357219443,4.800827956,4.784657081,P3
4.367238417,4.904668965,5.261937012,P3
4.425864872,5.104716249,4.912366733,P3
4.401191345,5.419006964,4.868547666,P3
4.313042893,5.341440857,5.566557585,P3
4.438116026,5.353651708,5.14472522,P3
4.506707644,5.501947281,4.705828836,P3
4.407115444,5.749116893,5.195547193,P3
4.718296474,5.372352363,5.390250701,P3
4.758671407,5.332235848,7.219546611,P3
4.519038061,5.593994257,5.16895571,P3
4.392411293,5.338447652,4.877562565,P3
4.780084404,5.388588719,5.05458488,P3
4.395100897,5.040936356,5.164378596,P3
4.427404997,5.304027359,4.596844664,P3
4.456232097,5.135437147,4.902523957,P3
4.33764686,4.938119619,5.094287835,P3
4.337592191,4.719887271,5.142496087,P3
4.390507748,4.762500907,4.797122973,P3
4.47463717,4.745134285,5.113208507,P3
4.644176581,4.959277091,4.574242532,P3
4.30087494,4.964239314,4.904643378,P3
4.352926106,4.950180592,4.921652653,P3
4.324908163,4.721972836,4.718058797,P3
4.511434564,4.909675537,5.095230278,P3
4.534818093,4.86779417,5.083737619,P3
4.617548507,5.191756583,4.94954731,P3
4.642953945,4.845424065,5.056896843,P3
4.444343536,5.025796829,5.214165509,P3
4.909198765,4.982267323,4.626861773,P3
4.424742832,5.038480295,4.961300645,P3
4.537386287,5.026624332,5.164590214,P3
4.530378426,5.056681046,4.610302316,P3
4.39542433,4.977227928,4.899233304,P3
4.236151784,5.127432676,5.247593023,P3
4.286985114,4.676421943,4.733005644,P3
4.286054171,4.752651955,4.847097304,P3
4.373233855,4.944587446,4.845845703,P3
4.460261643,4.975269965,4.543399124,P3
4.345134216,4.737961499,5.017594759,P3
4.202046701,4.753860281,5.130195777,P3
4.430950928,4.940271331,4.583946694,P3
4.31293279,4.922251343,4.801950463,P3
4.656724697,4.867611203,5.04484882,P3
4.485921594,4.723112258,4.676845668,P3
6.167757003,4.926136,5.184493825,P3
4.083420807,4.531203867,5.025762592,P3
4.202274364,4.734947347,4.490131157,P3
4.222446896,4.809023513,4.825052929,P3
4.134076457,4.981940211,4.83679229,P3
4.204666875,4.99730599,4.842500489,P3
4.322670785,4.854959374,5.080200648,P3
4.340926142,4.772236061,4.871663036,P3
4.348635814,4.906959257,4.743036635,P3
4.302184204,5.04453366,4.78835253,P3
4.095325809,4.825816826,4.882213857,P3
4.388124953,4.84925505,4.638828084,P3
4.287468427,5.06545761,4.666344946,P3
4.266538504,4.88566322,4.429777867,P3
4.424700777,4.825555897,4.818145194,P3
4.319846111,5.036625056,5.037476941,P3
4.453817458,4.557989568,4.523311423,P3
4.215495021,4.645740094,4.862339822,P3
4.481017672,4.712152822,4.815214907,P3
4.247311842,4.553642472,4.830776668,P3
4.252478764,4.418265369,4.734121021,P3
4.209326506,4.81765819,4.946944707,P3
4.421018155,4.421661078,4.495836467,P3
4.344518051,4.603687622,5.033431661,P3
4.318915252,4.555744602,4.68616843,P3
4.186667188,4.526393022,4.492907834,P3
4.35981408,4.600077059,4.802157829,P3
4.395742733,4.549692766,4.929665704,P3
4.099275573,4.628092448,4.448241625,P3
4.2876777,4.543264767,4.953135634,P3
4.373385663,4.545739925,5.093882598,P3
4.244179532,4.621988879,4.506674151,P3
4.196645358,4.703823278,5.306351228,P3
4.342731972,4.496716479,4.693480077,P3
4.29597344,4.596847098,4.331230017,P3
4.399059137,4.575299913,4.707332949,P3
4.213509938,4.24911531,4.717495209,P3
4.227632962,4.367057624,4.697049611,P3
4.057485206,4.35854368,4.93340051,P3
3.791328851,4.425708747,4.291147135,P1_B2
3.842029213,4.488677985,4.30643896,P1_B2
3.774644856,4.335320681,4.219544617,P1_B2
3.993447993,4.46507307,4.133120357,P1_B2
3.891895033,4.371889567,3.991159577,P1_B2
3.761939554,4.19154498,4.115835435,P1_B2
3.863467487,4.293526235,4.275178747,P1_B2
4.14276503,4.165412703,4.284576789,P1_B2
5.345332523,5.379461689,4.188331567,P1_B2
3.852948462,4.373685882,4.280274481,P1_B2
3.891223766,4.282376978,4.198326308,P1_B2
3.94647638,4.20662238,4.362916736,P1_B2
3.940740769,4.30326774,4.134893025,P1_B2
3.945475223,4.30495723,4.29239525,P1_B2
3.917934453,4.156215769,4.140816012,P1_B2
3.999489759,4.253534864,4.048338176,P1_B2
4.007309457,4.351380725,4.275263398,P1_B2
4.026293435,4.365953156,4.171161492,P1_B2
3.785658502,4.152339967,4.198422741,P1_B2
3.947346211,4.091142455,4.115579644,P1_B2
3.96918317,4.158687051,4.016446619,P1_B2
3.82568929,4.237596695,4.302208058,P1_B2
3.960874772,4.350739497,4.271430479,P1_B2
3.881698607,4.362144011,4.053696264,P1_B2
3.850246826,4.269514552,4.122423344,P1_B2
3.963543838,4.183123886,4.339246727,P1_B2
3.850032237,4.192057615,4.176538445,P1_B2
3.804235227,4.219610734,4.249791282,P1_B2
3.976881516,4.237137726,4.311203215,P1_B2
4.15051963,4.155551896,4.380902959,P1_B2
3.954241488,4.570259928,4.233579104,P1_B2
3.975170708,4.339334313,4.464679338,P1_B2
3.93012357,4.328617483,4.418706681,P1_B2
4.012950049,4.304739011,4.251417492,P1_B2
4.009393885,4.26717128,4.251510159,P1_B2
4.385732098,4.257004595,4.189913503,P1_B2
3.918852319,4.329879712,3.989799827,P1_B2
3.880777648,4.326277802,4.287566124,P1_B2
4.011299212,4.16882082,4.509250869,P1_B2
3.780327428,4.275294624,4.119539652,P1_B2
4.382733612,4.276429952,4.235579738,P1_B2
3.914350132,4.590480452,4.417703893,P1_B2
3.811637004,4.418281411,4.189677333,P1_B2
3.964207208,4.480404786,4.197652969,P1_B2
4.068487928,4.295036129,4.27382722,P1_B2
3.813706425,4.428435689,4.229368586,P1_B2
3.9456114,4.440567033,4.184207966,P1_B2
3.985377171,4.554303625,4.483010209,P1_B2
4.066090345,4.615289235,4.117294004,P1_B2
4.032152559,4.466349103,4.457527221,P1_B2
4.07059793,4.539401022,4.478377392,P1_B2
3.95722721,4.494622776,4.405390325,P1_B2
4.806622717,4.691793292,4.391134684,P1_B2
4.979364536,4.543291656,4.288085127,P1_B2
3.940177341,4.413551434,4.176106552,P1_B2
4.04776461,4.367437162,4.241543963,P1_B2
3.984168982,4.366559099,4.328728611,P1_B2
4.031485238,4.40202737,4.270657593,P1_B2
3.986315977,4.460587179,4.231923723,P1_B2
3.896048448,4.435167987,4.226415083,P1_B2
3.997100138,4.367346086,3.992334724,P1_B2
3.905520802,4.454430087,4.317859952,P1_B2
3.94866566,4.45819453,4.481028249,P1_B2
3.991984795,4.528868595,4.06332087,P1_B2
4.012784469,4.465368693,4.386085703,P1_B2
3.898673371,4.615249097,4.53160311,P1_B2
3.906832318,4.49550767,4.249335133,P1_B2
3.993557365,4.398121161,4.214968879,P1_B2
3.902186752,4.429165272,4.425102265,P1_B2
3.96367789,4.359149,4.205211774,P1_B2
6.104010637,4.412064921,4.558125071,P1_B2
4.043757975,4.15056753,4.411641886,P1_B2
4.018319736,4.334270874,4.315994429,P1_B2
3.845972524,4.270724094,4.366622785,P1_B2
4.000419286,4.425796008,4.385488563,P1_B2
4.067295007,4.359812713,4.14151809,P1_B2
4.125745746,4.3801256,4.504890582,P1_B2
4.184912092,4.504938565,4.462985247,P1_B2
3.924729914,4.375417726,4.225747327,P1_B2
3.944239971,4.421805655,4.242241687,P1_B2
3.863164525,4.328210875,4.54173623,P1_B2
4.612623919,4.424786388,4.433208698,P1_B2
4.049216495,4.361355084,4.431815429,P1_B2
4.213910152,4.375908584,4.461089219,P1_B2
4.020804819,4.209866021,4.206120397,P1_B2
4.037127811,4.40556695,4.421387136,P1_B2
4.030100493,4.294725147,4.425992057,P1_B2
4.181809495,4.490123008,4.435932475,P1_B2
4.057834255,4.352634878,4.297801138,P1_B2
3.955848522,4.50737926,4.598129424,P1_B2
4.170295264,4.455123813,4.562185363,P1_B2
4.014155007,4.464177004,4.281224564,P1_B2
4.021184425,4.265136469,4.257885059,P1_B2
4.115599001,4.257747757,4.148647848,P1_B2
4.394592966,4.277568461,4.326358598,P1_B2
3.840127882,4.313169086,4.353941578,P1_B2
3.928354086,4.339376656,4.70331183,P1_B2
3.992010758,4.364556631,4.310133291,P1_B2
4.093007046,4.145842411,4.487074059,P1_B2
3.817588355,4.218421592,4.645908125,P1_B2
3.860722514,3.194557387,3.268563137,P1_B6
3.917534087,3.169723202,3.320458458,P1_B6
3.851353972,3.226174469,3.311876891,P1_B6
3.920864359,3.219873496,3.195159233,P1_B6
3.767530286,3.156989628,3.145077185,P1_B6
4.130466124,3.189279033,3.14230175,P1_B6
3.844073021,3.07465683,3.19771075,P1_B6
3.54222848,3.129058057,3.290918487,P1_B6
3.938653046,3.229165117,3.308604327,P1_B6
3.932978458,3.216614264,3.167482764,P1_B6
4.073674176,3.201704308,3.276958312,P1_B6
3.858320779,3.223940413,3.267522746,P1_B6
3.907551895,3.156295668,3.248864914,P1_B6
4.409475627,3.313854907,3.262617732,P1_B6
3.999789693,3.362100998,3.294422206,P1_B6
4.053961962,3.156849883,3.350076037,P1_B6
3.882047392,3.207639875,3.22660058,P1_B6
3.845230336,3.164370426,3.252338273,P1_B6
4.040695476,3.290755978,3.192728331,P1_B6
3.820969906,3.214679549,3.335711945,P1_B6
3.965215206,3.292443901,3.332486918,P1_B6
4.188198172,3.48937589,3.251968941,P1_B6
3.916079124,3.371101399,3.271891127,P1_B6
3.635515238,3.217814767,3.315059732,P1_B6
4.127597896,3.197626561,3.327244776,P1_B6
4.183459994,3.317263185,3.271541585,P1_B6
4.002128157,3.269931523,3.330844348,P1_B6
3.991768754,3.301411186,3.246659335,P1_B6
3.991845665,3.310168693,3.342266309,P1_B6
3.961414074,3.392036039,3.378062256,P1_B6
3.725007855,3.251763758,3.362679531,P1_B6
3.701855044,3.300170855,3.261155484,P1_B6
3.952042607,3.200518214,3.721769449,P1_B6
4.212143263,3.309960295,3.30073656,P1_B6
4.091862244,3.309866776,3.307749302,P1_B6
4.177480889,3.37350435,3.357605268,P1_B6
3.956775662,3.311224431,3.416345312,P1_B6
3.977746474,3.308086151,3.408990141,P1_B6
4.023129078,3.232162405,3.364263584,P1_B6
4.20062328,3.309283498,3.291696586,P1_B6
4.243078404,3.244580327,3.356670805,P1_B6
4.006311652,3.352838577,3.351406274,P1_B6
3.81204072,3.27528382,3.399752891,P1_B6
3.816225815,3.29768748,3.339972293,P1_B6
3.884408511,3.378338552,3.402290477,P1_B6
4.079717945,3.196984479,3.417185167,P1_B6
4.171275477,3.371841588,3.270630078,P1_B6
4.193559788,3.367398588,3.353770088,P1_B6
4.136211784,3.435658789,3.395672793,P1_B6
3.896082375,3.348984955,3.255240221,P1_B6
4.11462319,3.374628165,3.445950584,P1_B6
4.075494221,3.35633252,3.541420528,P1_B6
3.862350981,3.315990425,3.37438946,P1_B6
4.201558785,3.3044517,3.337832386,P1_B6
4.562745325,3.511268238,3.489253667,P1_B6
3.979379131,3.352027442,3.358613332,P1_B6
4.161115015,3.384352638,3.317751941,P1_B6
4.009906036,3.699391858,3.395604875,P1_B6
3.779428928,3.300166636,3.279510419,P1_B6
3.833259416,3.285897658,3.36714573,P1_B6
4.36672959,3.491838437,3.443293968,P1_B6
4.203512813,3.384288546,3.341557598,P1_B6
4.09907803,3.245213431,3.279476789,P1_B6
3.928523161,3.592231601,3.433286946,P1_B6
3.846404676,3.481640524,3.295059253,P1_B6
4.075214034,3.41015194,3.420378869,P1_B6
4.06008304,3.355544138,3.442111893,P1_B6
3.949532177,3.431810544,3.321632343,P1_B6
3.957037374,3.463954994,3.302465646,P1_B6
4.295812038,3.540964693,3.389841598,P1_B6
4.113661618,3.663012815,3.343666603,P1_B6
4.075030512,3.470059028,3.377302151,P1_B6
4.05964599,3.515452318,3.551255328,P1_B6
4.301885954,3.603920771,3.451944116,P1_B6
4.127628529,3.530067052,3.353426866,P1_B6
4.275117406,3.439039624,3.34511271,P1_B6
4.524133048,3.39082644,3.428482271,P1_B6
4.315772131,3.599947685,3.439588063,P1_B6
4.441463021,3.66650302,3.615379556,P1_B6
4.334976459,3.603273658,3.396204107,P1_B6
4.269606951,3.571472873,3.53806633,P1_B6
4.351931668,3.542713362,3.527070265,P1_B6
4.617608497,3.57100172,3.450289179,P1_B6
4.337871456,3.555484091,3.335666738,P1_B6
4.581097467,3.617138798,3.617998326,P1_B6
4.641742477,3.483496845,3.441038141,P1_B6
4.277271951,3.7130749,3.554767862,P1_B6
4.338732059,3.475585942,3.808528973,P1_B6
4.443954944,3.43006945,3.556493376,P1_B6
4.294392751,3.460654185,3.605913796,P1_B6
4.63134592,3.504441597,3.716323289,P1_B6
4.357690775,3.478950654,3.587060433,P1_B6
4.319624114,3.433410198,3.65818117,P1_B6
4.555807699,3.483746466,4.130786097,P1_B6
4.741061784,3.750174044,3.888983291,P1_B6
4.270972711,3.586553052,3.678672743,P1_B6
4.493875043,3.452003588,3.572286174,P1_B6
4.613505822,3.617488052,3.597370746,P1_B6
4.66761166,3.765918276,3.601925819,P1_B6
4.302783622,3.576096083,3.718175507,P1_B6
4.342081352,3.828733806,3.933077399,P2_B2
4.699920119,3.94181687,3.681041425,P2_B2
4.535028844,3.746882913,3.632727207,P2_B2
4.20113528,3.669530581,3.834724801,P2_B2
4.13714765,3.671600399,3.842758115,P2_B2
4.090457549,3.655272937,4.005163187,P2_B2
4.009062757,3.676035304,3.730253661,P2_B2
4.061105383,3.695862364,3.963817055,P2_B2
3.946108302,3.692496094,3.699289628,P2_B2
3.985956359,3.820966119,3.994403024,P2_B2
4.045126574,3.632399005,4.06582001,P2_B2
4.047068147,3.613713867,3.99499948,P2_B2
3.920590203,3.652790677,4.645478661,P2_B2
4.229831346,3.750030587,3.657972278,P2_B2
4.379350406,3.649618023,3.805428652,P2_B2
4.547824135,3.585496653,3.706190733,P2_B2
4.641684934,3.650860587,3.595057798,P2_B2
4.322506674,3.636314363,3.642900754,P2_B2
4.19140118,3.562443987,3.684904541,P2_B2
4.313199229,3.544124674,3.674705652,P2_B2
4.076376272,3.498228343,3.580299351,P2_B2
3.907991457,3.411939569,3.693332247,P2_B2
3.89088919,3.530102695,3.909874392,P2_B2
4.234340141,3.472485867,3.713653049,P2_B2
4.260121703,3.49116438,3.840922395,P2_B2
4.150423716,3.639890744,3.721998868,P2_B2
4.057039573,3.523471709,3.870176133,P2_B2
4.136670967,3.644433385,3.643754807,P2_B2
4.40248348,3.699023808,3.744248841,P2_B2
4.409551388,3.575520928,3.675925676,P2_B2
4.377785573,3.629651835,3.600193828,P2_B2
4.445096024,3.628486008,3.837562671,P2_B2
4.31027531,3.760028907,3.750799459,P2_B2
4.175983036,3.670562815,3.568531176,P2_B2
3.831750278,3.663540649,3.657324557,P2_B2
4.157782131,3.656615473,3.925382549,P2_B2
4.158145519,3.497264443,3.831903401,P2_B2
4.052691231,3.531400645,3.857091419,P2_B2
4.148513901,3.601825204,3.814590592,P2_B2
4.11093233,3.599237529,3.642885436,P2_B2
4.1390814,3.455751576,3.734599725,P2_B2
3.915642358,3.458919886,3.711856965,P2_B2
4.184203133,3.446079034,3.773646987,P2_B2
4.166479848,3.703376115,3.669042585,P2_B2
4.172244907,3.522340851,3.659276461,P2_B2
4.0860531,3.629968816,3.794181341,P2_B2
4.143350629,3.660970156,3.615384078,P2_B2
4.149020758,3.471884104,3.557133655,P2_B2
4.212342204,3.413387018,3.663688577,P2_B2
4.062934785,3.565133595,3.846354686,P2_B2
4.065679198,3.518497897,3.798253864,P2_B2
4.187864631,3.580922684,3.881454881,P2_B2
4.063755883,3.569499593,3.741807799,P2_B2
5.193022422,3.545280839,3.75520107,P2_B2
4.199876773,3.711753789,3.691762341,P2_B2
3.997225326,3.652164726,3.54473375,P2_B2
4.032672382,3.438448876,3.771101371,P2_B2
4.429847143,3.585756548,3.507154915,P2_B2
4.251218498,3.567238961,3.699247237,P2_B2
4.240668156,3.418672496,3.725197192,P2_B2
4.427730597,3.714792483,3.631665571,P2_B2
4.478523937,3.647261295,3.593115863,P2_B2
3.99701979,3.667327503,3.790272389,P2_B2
4.147358533,3.544620932,3.823999225,P2_B2
4.27765599,3.579318605,3.794865763,P2_B2
3.963733996,3.432251465,3.88165441,P2_B2
4.204286725,3.674549689,3.847460378,P2_B2
4.463619878,3.694629097,3.692887477,P2_B2
4.127173322,3.566204584,3.729139855,P2_B2
4.203492621,3.613548444,4.010829005,P2_B2
4.564563346,3.578552073,3.52116415,P2_B2
4.30404742,3.531965436,3.705296412,P2_B2
4.49236706,3.483853248,3.815996517,P2_B2
4.663563766,3.598884951,3.615355326,P2_B2
4.266059065,3.646335078,3.675083402,P2_B2
4.344360823,3.531761112,3.609240771,P2_B2
4.255681396,3.567931593,3.703934356,P2_B2
4.169755133,3.508457688,3.662782794,P2_B2
4.114726164,3.401560164,3.777159227,P2_B2
4.1661875,3.399018792,4.024351788,P2_B2
4.059613155,3.455253315,3.987796045,P2_B2
4.133982168,3.519290746,3.965115945,P2_B2
4.115704461,3.426982503,3.874841401,P2_B2
4.44524241,3.441262036,3.851474588,P2_B2
3.967364338,3.449540825,3.465108605,P2_B2
4.240389595,3.572808259,3.467932009,P2_B2
4.432684285,3.477426246,3.597295664,P2_B2
4.193948561,3.460487825,3.558807512,P2_B2
4.172928393,3.487174797,3.677840984,P2_B2
5.779758686,3.619386485,3.635194507,P2_B2
4.211409721,3.315590305,3.637693651,P2_B2
4.180113049,3.464469184,3.580023769,P2_B2
3.938602709,3.469198614,3.600862129,P2_B2
4.051171306,3.449190786,3.52209922,P2_B2
4.045185281,3.557733562,3.651366676,P2_B2
3.948368341,3.530546624,3.678329651,P2_B2
3.942602196,3.480824716,3.740861596,P2_B2
4.175875587,3.660218835,3.556424545,P2_B2
4.187793341,3.683050817,3.652936767,P2_B2
4.082838533,3.452697774,3.763218528,P2_B2
3.980156359,3.501938993,3.665008425,P2_B6
4.223049117,3.588220306,3.587177261,P2_B6
3.987172517,3.648671122,3.532466632,P2_B6
4.565301019,3.55395175,3.560647166,P2_B6
4.678355006,3.565873765,3.666900939,P2_B6
4.608678158,3.63805838,3.701296656,P2_B6
4.762901809,3.669038017,3.60478161,P2_B6
4.967429921,3.915892267,3.982215577,P2_B6
4.710208206,3.955052865,3.570441666,P2_B6
4.891617912,3.550765546,3.58797032,P2_B6
4.807585172,3.631820828,3.745052959,P2_B6
4.768797116,4.082052339,3.598150257,P2_B6
4.642490359,3.752011998,3.571682955,P2_B6
4.82064416,3.70891937,3.705155965,P2_B6
4.807316358,3.818706677,3.658637711,P2_B6
4.64421193,3.680343487,3.724809038,P2_B6
4.815994243,3.682385423,3.681304338,P2_B6
4.532687857,3.87514135,3.750695692,P2_B6
4.650100075,3.807303462,3.612965975,P2_B6
4.760558366,3.859199788,3.801100533,P2_B6
4.596705732,3.871463595,3.730537038,P2_B6
4.692616691,3.738650342,3.807564914,P2_B6
4.864128068,3.74037159,3.838863294,P2_B6
5.102314661,3.852714441,3.666547385,P2_B6
4.938499822,3.76616003,3.69550017,P2_B6
4.706474781,3.850286534,3.757390167,P2_B6
4.738666301,3.943518009,3.737876885,P2_B6
4.826776542,3.747282617,3.726132255,P2_B6
4.80885851,3.820899436,3.738049378,P2_B6
4.835737033,3.81674776,3.526938449,P2_B6
4.579884247,3.865006875,3.748448588,P2_B6
4.5517764,3.826716024,3.71724428,P2_B6
4.80088187,3.880917444,3.767287653,P2_B6
4.641213495,3.851584013,3.706640809,P2_B6
6.127858669,3.945947153,3.806118819,P2_B6
5.31704577,3.946458614,3.726211871,P2_B6
4.756999845,3.849023371,3.752371554,P2_B6
5.145471197,3.805104873,3.757365708,P2_B6
4.952214263,3.841105526,3.669667423,P2_B6
4.83144603,3.748679929,3.799718035,P2_B6
4.86455337,3.871706864,3.733423256,P2_B6
4.616227044,3.859255233,3.702308767,P2_B6
4.905910809,3.717584368,3.769597341,P2_B6
4.93768059,3.899363808,3.769472898,P2_B6
4.820196732,3.981386214,3.721069386,P2_B6
5.1809981,3.906699406,3.760535961,P2_B6
5.051560334,4.265947102,3.808501541,P2_B6
4.919346228,4.145719645,3.802347475,P2_B6
5.316484539,3.952782004,4.021048381,P2_B6
5.117263393,4.001064208,3.752449636,P2_B6
5.15817483,3.970246832,3.756333,P2_B6
5.116172207,3.864030842,3.746157715,P2_B6
5.572057172,3.842857195,3.830460409,P2_B6
5.063726332,3.756912895,3.921544299,P2_B6
5.180336142,3.768179633,3.871156674,P2_B6
5.447837748,3.831060472,3.839547287,P2_B6
5.307448994,3.89102674,3.81407282,P2_B6
5.234207531,3.771415957,3.857702786,P2_B6
5.218466373,3.815700629,3.907110914,P2_B6
5.279625482,3.767552503,3.823886005,P2_B6
5.317076831,3.765439484,3.842938208,P2_B6
5.233206248,3.943370484,3.791003922,P2_B6
5.197361969,3.75028781,3.725595043,P2_B6
5.267838148,3.842610055,3.79251996,P2_B6
5.46043263,3.8867886,3.786938473,P2_B6
5.117567599,3.62262227,3.896440819,P2_B6
5.273845234,3.78435,3.901932159,P2_B6
4.939517196,3.932717243,3.824703933,P2_B6
4.83801667,3.802331593,3.778813032,P2_B6
5.167643133,3.793230485,3.849005801,P2_B6
4.858501985,3.803747745,3.893760347,P2_B6
4.949374757,3.777511034,3.879904794,P2_B6
5.042811205,3.853347253,3.892181905,P2_B6
4.940603902,3.866098051,3.864821527,P2_B6
4.890020594,3.819841482,3.877606107,P2_B6
5.164743584,3.983884606,3.901408857,P2_B6
5.244265427,4.044976461,3.786414306,P2_B6
5.478796987,3.924894454,3.903950063,P2_B6
5.218114941,3.814541258,3.92718651,P2_B6
4.999801717,3.684071398,3.820533593,P2_B6
5.272972452,3.825670146,3.830378676,P2_B6
5.441186725,3.966296608,3.922548915,P2_B6
5.275535934,3.764368177,3.828905391,P2_B6
5.403141141,4.069716403,3.847003422,P2_B6
5.330221659,3.808356007,3.864346049,P2_B6
5.550695578,3.979793614,3.915616823,P2_B6
5.176241131,3.957193118,3.831289116,P2_B6
5.50424868,3.777587556,3.760369592,P2_B6
5.461524189,3.768735619,3.806530886,P2_B6
5.643535518,3.906214209,3.809037071,P2_B6
5.484960459,3.828639512,3.823276537,P2_B6
5.533782723,3.864114893,3.865259009,P2_B6
5.325632394,3.782073771,3.984854581,P2_B6
5.427521165,3.830154657,3.820859503,P2_B6
5.703091002,3.823466164,3.878872036,P2_B6
5.601117814,3.847216858,3.876470128,P2_B6
5.578645605,3.862217104,3.812372768,P2_B6
5.517389577,3.814109432,3.748518618,P2_B6
5.369985368,3.708640114,3.735986045,P2_B6
5.254605198,3.76746237,3.95309567,P2_B6
3.985175539,4.029104329,4.906643986,P3_B2
3.8184567,4.105300555,4.832347607,P3_B2
4.227846483,4.168692833,4.712882403,P3_B2
4.151468561,3.885994269,4.790100714,P3_B2
4.02538743,4.037392368,4.945067859,P3_B2
4.105191764,4.034932487,4.946345744,P3_B2
4.185344035,4.055968157,4.230777144,P3_B2
4.122354678,4.044725289,5.202153983,P3_B2
3.932258209,4.057972792,5.011810328,P3_B2
4.199036337,4.040548088,4.619777837,P3_B2
4.183075527,4.081734604,4.811929575,P3_B2
4.047490306,3.881437409,4.917613508,P3_B2
3.94423288,3.808536926,4.207902578,P3_B2
4.148253608,3.914783757,4.923645327,P3_B2
4.165686145,3.957875513,4.642283254,P3_B2
3.924458057,3.848576799,4.281586396,P3_B2
3.970445838,4.096100078,4.782501306,P3_B2
4.334416346,3.988983994,4.697637762,P3_B2
3.864349974,3.758026623,4.2820831,P3_B2
4.056992832,3.869433968,4.790594078,P3_B2
4.116743749,3.925833447,5.251833362,P3_B2
4.175065649,3.920501852,4.68021784,P3_B2
4.038806553,3.931424569,4.589960865,P3_B2
4.257590137,4.02412917,5.021685855,P3_B2
3.968099705,4.045623477,5.383003701,P3_B2
3.973794887,4.0227699,4.713481681,P3_B2
4.393394563,4.001388746,5.117126073,P3_B2
4.183811925,4.114932516,5.107163251,P3_B2
4.080080384,3.918443265,4.691307526,P3_B2
4.199158661,4.014347377,5.371345544,P3_B2
4.056226118,3.902344172,4.839493122,P3_B2
4.047478729,3.873100218,4.559701922,P3_B2
4.031846149,3.937360072,4.754992188,P3_B2
4.043084069,3.886486429,4.640558337,P3_B2
4.209364305,3.946027719,4.804828156,P3_B2
4.215648137,3.883932388,4.785568464,P3_B2
3.945863873,3.839928899,4.755509636,P3_B2
4.122437179,3.848412209,4.463573882,P3_B2
4.020201901,4.033240758,4.87889785,P3_B2
4.01023277,3.777096259,4.908443862,P3_B2
4.185590064,3.778316783,4.562974975,P3_B2
4.062027451,4.073956789,4.895616521,P3_B2
4.018246133,4.01414049,4.85555982,P3_B2
4.086461598,3.874342466,4.289294411,P3_B2
4.085854744,3.909888384,4.782631744,P3_B2
4.136864729,3.897024918,4.928015221,P3_B2
4.132218443,3.905833897,4.709037595,P3_B2
3.969610785,3.986983835,4.98110534,P3_B2
4.080403981,3.79558234,4.7874742,P3_B2
4.027953991,3.752671371,4.447758183,P3_B2
4.116724978,4.001096689,4.849023781,P3_B2
3.898521878,3.900515982,4.913432472,P3_B2
3.985399591,3.861706457,4.689955022,P3_B2
3.998717244,3.760285456,4.669118188,P3_B2
3.969042901,3.992214751,4.849323772,P3_B2
4.155341888,4.062936159,4.888202039,P3_B2
4.125676293,4.043856292,4.779532431,P3_B2
4.1301371,3.980394465,5.380672475,P3_B2
4.025681371,3.907515023,4.414658819,P3_B2
4.511410095,4.592014035,4.986336991,P3_B2
4.107360272,4.058254325,4.575114937,P3_B2
3.992445591,4.101716367,4.679279239,P3_B2
4.244992525,4.133274142,4.847251924,P3_B2
4.137431081,4.199624357,4.692615997,P3_B2
4.043200466,4.154588901,4.483940528,P3_B2
4.012900537,4.171163975,4.321954529,P3_B2
4.089160623,4.393275715,4.866234367,P3_B2
4.090048697,4.196746326,4.638268752,P3_B2
4.319472769,4.43457342,4.596748467,P3_B2
4.199626876,4.149107194,4.588415436,P3_B2
3.992337091,4.219848483,4.594625689,P3_B2
4.022156887,4.315418522,4.881258787,P3_B2
4.310042834,4.271607754,4.555763092,P3_B2
4.206570889,4.545744152,4.751594457,P3_B2
4.274746003,4.205248452,4.529479171,P3_B2
4.097685007,4.260062713,4.774147248,P3_B2
4.187135721,4.435666473,4.889426318,P3_B2
3.975947402,4.419096865,4.565627476,P3_B2
4.173942636,4.202285619,4.785484571,P3_B2
4.077319711,4.258452932,4.907658755,P3_B2
4.034770529,4.565199342,4.558502989,P3_B2
4.106185481,4.55433188,5.012680125,P3_B2
4.197968031,4.61716098,5.002184153,P3_B2
4.00552424,4.276980769,4.658443147,P3_B2
4.042510822,4.521371978,4.774958062,P3_B2
4.018184607,4.437953117,5.120836819,P3_B2
4.296861637,4.259417919,4.475846513,P3_B2
4.167293607,4.189429055,5.138267315,P3_B2
4.047101449,4.23301141,4.941707353,P3_B2
4.170132581,4.434462819,4.623236133,P3_B2
4.142484427,4.341666471,5.021837387,P3_B2
3.931189791,4.370027652,5.06852865,P3_B2
4.14646038,4.250662985,4.909345037,P3_B2
4.054194473,4.343469135,4.849574504,P3_B2
4.134490132,4.292611552,4.937264774,P3_B2
3.963305127,4.122813191,4.665222059,P3_B2
3.882051439,4.43330963,4.715605869,P3_B2
4.215009574,4.246683318,4.861895308,P3_B2
3.950744099,4.34916721,4.732719449,P3_B2
4.018091346,4.44365977,4.77589544,P3_B2
3.805398329,3.592700883,4.050786671,P3_B6
3.683912028,3.721709544,4.076626683,P3_B6
3.695989882,3.611689785,3.913083591,P3_B6
3.842616281,3.746429335,4.033147103,P3_B6
4.042943039,3.787339257,4.063945636,P3_B6
3.595510773,3.649155166,4.034242345,P3_B6
3.5809533,3.791316121,4.009403254,P3_B6
3.862318022,3.802382568,3.906914886,P3_B6
3.493530574,3.778005042,3.801709346,P3_B6
3.76822469,3.88991723,3.910136622,P3_B6
4.559628152,3.887796333,4.087131651,P3_B6
3.674238291,3.708166727,3.899973249,P3_B6
3.517176411,3.97235254,4.147363946,P3_B6
3.754863948,3.677278656,3.813871849,P3_B6
3.615290435,3.729270244,3.881805155,P3_B6
3.97924459,3.9622405,3.848202534,P3_B6
3.81958746,3.928474842,3.753611608,P3_B6
4.062796911,3.898373256,3.905326729,P3_B6
3.754569378,3.922456453,4.001863755,P3_B6
3.768706936,3.900952282,3.829368714,P3_B6
3.783668861,3.931154166,3.877164074,P3_B6
3.793689059,3.889629302,4.003354752,P3_B6
3.744982537,3.8005515,3.820351349,P3_B6
3.732222387,3.966271949,4.036402234,P3_B6
3.793835251,3.873126108,3.925905217,P3_B6
3.770619009,3.896970705,3.774553856,P3_B6
3.72146099,3.895595827,4.020762609,P3_B6
3.935885275,3.88494579,3.777532665,P3_B6
3.706925658,4.071412273,3.93212377,P3_B6
3.871771821,3.819744909,3.789108263,P3_B6
3.763134619,3.811650312,3.944239956,P3_B6
3.870109326,3.960865023,3.776244288,P3_B6
3.69101717,4.06489512,4.189080668,P3_B6
3.611164993,3.861982745,3.861445775,P3_B6
3.781538292,3.915621265,3.786646196,P3_B6
3.812461751,4.015538997,4.113377922,P3_B6
3.734593547,3.946129346,4.086681392,P3_B6
3.768713759,3.880759854,4.10891825,P3_B6
3.73496302,3.871285969,4.075388503,P3_B6
3.803735919,4.235557801,4.111619461,P3_B6
3.940882066,3.962866915,4.036203122,P3_B6
3.994714968,3.991642925,4.192836658,P3_B6
3.845930747,3.85502908,3.997105286,P3_B6
3.92645883,4.298047365,3.991059728,P3_B6
3.798781219,3.940569657,4.06555426,P3_B6
4.000019565,3.952693407,4.224178717,P3_B6
3.895918559,3.896844466,4.06595031,P3_B6
3.712331168,3.801175932,4.045778475,P3_B6
4.029973518,4.012490889,4.274608163,P3_B6
3.863838015,3.944201998,3.992255107,P3_B6
3.815833747,3.899095941,4.345205938,P3_B6
3.950708264,3.908415732,4.041442375,P3_B6
3.898952485,3.907031075,4.05892941,P3_B6
3.999289446,4.030985293,4.309078818,P3_B6
3.964574883,3.902516019,4.043508919,P3_B6
4.087011776,3.965644659,4.040182178,P3_B6
4.133136427,4.031080655,4.161996205,P3_B6
4.295122001,4.346950508,4.02980362,P3_B6
3.901701196,4.066959619,4.524160003,P3_B6
4.030529189,3.919306507,4.354767667,P3_B6
3.951438012,3.961469487,4.656056548,P3_B6
4.063476684,4.017415545,4.388831271,P3_B6
3.996054293,4.097808738,4.475820616,P3_B6
3.965695921,4.078576649,4.44164939,P3_B6
4.102940766,4.092114106,4.449963152,P3_B6
4.040165314,4.041026464,4.436136275,P3_B6
4.076796917,4.197652254,4.832367508,P3_B6
4.156615465,4.237638958,4.647631253,P3_B6
4.005818371,4.160678328,5.102489677,P3_B6
4.12549975,4.310324308,4.524857754,P3_B6
4.032482925,4.134109775,4.89532003,P3_B6
4.144896949,4.119526597,4.994781387,P3_B6
4.241047268,4.320506164,4.571125711,P3_B6
4.189044092,4.165042481,4.646829475,P3_B6
4.075783806,4.059944773,4.696276676,P3_B6
4.180713933,4.354455613,4.608334501,P3_B6
4.334918359,4.135376432,4.620949242,P3_B6
4.657012469,4.167892693,4.648569441,P3_B6
4.334040062,4.248051099,4.716635968,P3_B6
4.206451413,4.21286254,4.592533181,P3_B6
4.239649934,4.208315663,4.646028576,P3_B6
4.068392311,4.361908747,4.280298382,P3_B6
4.180960741,4.238853093,4.407270097,P3_B6
4.349371157,4.197221709,4.686160325,P3_B6
4.215332338,4.100556066,4.618361474,P3_B6
4.127204539,4.265567732,4.413759338,P3_B6
4.077693249,4.28234093,4.575488811,P3_B6
4.416239978,4.310115113,4.423848925,P3_B6
4.222483606,4.347628811,4.439929873,P3_B6
4.1904575,4.387136808,4.484286575,P3_B6
4.213554455,4.320277842,4.403577864,P3_B6
4.371616469,4.434348016,4.819756985,P3_B6
4.272586964,4.255546862,4.574855663,P3_B6
4.291099443,4.235820546,4.473775834,P3_B6
4.325750707,4.346409246,4.638964534,P3_B6
4.228463644,4.445951208,4.890145469,P3_B6
4.169009305,4.382422221,4.593623719,P3_B6
4.393273103,4.187279273,4.696818445,P3_B6
4.493424846,4.416716284,4.686583756,P3_B6
4.37000041,4.213443982,4.465541978,P3_B6
5.344433319,4.2922681,3.926611577,B2_P1P2P3
4.302947839,4.070745703,3.799496576,B2_P1P2P3
4.144291677,4.433752805,3.893614909,B2_P1P2P3
4.237120382,4.199401016,3.813922468,B2_P1P2P3
3.855827694,4.186807346,3.924985473,B2_P1P2P3
4.111458085,4.436262688,3.93085278,B2_P1P2P3
4.123599691,4.199861243,3.99542358,B2_P1P2P3
4.03780955,4.204733654,4.138397805,B2_P1P2P3
4.12773656,4.404573308,3.936825801,B2_P1P2P3
4.171249261,4.155626146,3.749875705,B2_P1P2P3
4.205795551,4.263230981,3.785635157,B2_P1P2P3
4.249967238,4.152767715,4.044621996,B2_P1P2P3
4.428966594,4.239017592,3.940509151,B2_P1P2P3
4.321015749,4.184284957,3.848957437,B2_P1P2P3
3.949367817,4.135612498,3.982751841,B2_P1P2P3
4.376372918,3.958622802,3.969522758,B2_P1P2P3
4.073563144,4.127567482,4.133528939,B2_P1P2P3
4.10518074,4.135425026,3.831227417,B2_P1P2P3
3.814491304,3.821541279,3.983820205,B2_P1P2P3
3.752500076,4.357234007,5.240798189,B2_P1P2P3
3.967915848,4.39139624,3.887660118,B2_P1P2P3
3.783596397,4.300190322,3.822617209,B2_P1P2P3
3.811506307,3.950683604,3.787020083,B2_P1P2P3
3.91666882,4.26880536,3.910709211,B2_P1P2P3
4.357502243,3.972465726,3.716451357,B2_P1P2P3
5.136772864,4.101439525,4.041619149,B2_P1P2P3
4.179488251,4.242874727,3.89110795,B2_P1P2P3
4.096733697,4.005561297,3.748984374,B2_P1P2P3
4.140064658,3.969522486,3.913723232,B2_P1P2P3
4.164860433,4.719496663,4.093425327,B2_P1P2P3
4.224214933,4.156188356,4.017051656,B2_P1P2P3
4.098837406,3.914857226,3.727907987,B2_P1P2P3
3.845148368,4.013451653,3.783187101,B2_P1P2P3
3.931569519,4.288736785,4.007396052,B2_P1P2P3
3.795082194,4.210679355,3.81358113,B2_P1P2P3
3.809350395,4.406311371,3.960549567,B2_P1P2P3
3.876691424,4.201048544,3.931040132,B2_P1P2P3
4.123494604,4.375344889,3.911067256,B2_P1P2P3
4.231211366,4.137045743,4.104877337,B2_P1P2P3
4.419856141,4.000716301,3.9832797,B2_P1P2P3
4.326593237,4.159680977,3.966642669,B2_P1P2P3
4.508947101,4.227300794,4.060555166,B2_P1P2P3
4.426463653,4.767349147,3.89610361,B2_P1P2P3
4.21799343,4.356308388,4.015155706,B2_P1P2P3
4.349732967,4.052456433,3.950149281,B2_P1P2P3
4.032485521,4.167138058,3.948564103,B2_P1P2P3
4.099619497,3.97677975,4.162768896,B2_P1P2P3
4.027596619,4.02807991,3.843113778,B2_P1P2P3
3.921184286,4.29388529,4.094417373,B2_P1P2P3
3.966683056,4.103813895,4.337103949,B2_P1P2P3
3.891855594,4.088609603,3.801375114,B2_P1P2P3
3.877774843,3.866617618,3.923874876,B2_P1P2P3
4.277607637,3.963238362,4.172833341,B2_P1P2P3
4.224331161,4.042680946,3.96676628,B2_P1P2P3
4.056043468,4.165876728,4.616085655,B2_P1P2P3
4.018664841,4.105063459,3.959645206,B2_P1P2P3
4.411093749,4.042859967,4.001239559,B2_P1P2P3
4.292591827,3.939346624,4.141663021,B2_P1P2P3
4.104583248,3.967513797,3.704299472,B2_P1P2P3
4.058769578,3.962122259,3.833037861,B2_P1P2P3
3.700477427,4.300308058,4.106795163,B2_P1P2P3
3.944471814,3.878321221,3.860160438,B2_P1P2P3
3.820035804,3.892559487,4.098354513,B2_P1P2P3
3.805876242,4.152230176,4.26290128,B2_P1P2P3
3.806077901,3.93574378,3.923050406,B2_P1P2P3
4.041089374,4.033302234,4.001839636,B2_P1P2P3
3.885395148,3.968695702,3.92298017,B2_P1P2P3
3.949131268,3.99009616,3.633150462,B2_P1P2P3
4.081864109,4.379332398,3.947743156,B2_P1P2P3
4.306398068,4.204701498,3.819333665,B2_P1P2P3
4.593596161,4.154561886,4.225744036,B2_P1P2P3
4.055692936,4.8747982,3.793523559,B2_P1P2P3
4.222688328,4.293130153,4.143048814,B2_P1P2P3
4.075823426,4.278381848,3.954677826,B2_P1P2P3
3.923579736,4.238983079,4.031081627,B2_P1P2P3
4.069300956,5.866482022,4.038607573,B2_P1P2P3
4.063475632,3.984328944,3.90559674,B2_P1P2P3
3.789951321,4.583582538,4.06142971,B2_P1P2P3
4.149295139,3.964952431,4.050037768,B2_P1P2P3
3.914973569,4.105375599,3.890874627,B2_P1P2P3
4.084439562,4.146275991,4.026511945,B2_P1P2P3
4.281083913,4.524347251,3.94665491,B2_P1P2P3
4.218777189,4.005766359,4.080633707,B2_P1P2P3
4.034951069,4.011883802,3.887392344,B2_P1P2P3
4.152599702,4.118711489,4.0322597,B2_P1P2P3
4.474973114,4.265078709,4.085413823,B2_P1P2P3
4.36664323,3.841953107,3.984576311,B2_P1P2P3
4.026685379,3.839189055,3.852595643,B2_P1P2P3
4.012491908,4.06273209,3.858145266,B2_P1P2P3
3.853111165,4.170163761,4.201084975,B2_P1P2P3
3.830827902,4.012104982,4.158831813,B2_P1P2P3
3.885729982,4.169342092,3.904425865,B2_P1P2P3
3.945654322,3.904659607,3.977846966,B2_P1P2P3
3.802839886,3.857135865,4.205269651,B2_P1P2P3
4.130209611,4.051928067,4.049656214,B2_P1P2P3
4.164614697,4.170045686,4.145685039,B2_P1P2P3
3.959044601,3.96341085,4.099899133,B2_P1P2P3
4.07512153,4.019663485,3.818536266,B2_P1P2P3
4.012803097,4.187573434,3.725942021,B2_P1P2P3
4.0864452,3.821843313,4.08414523,B2_P1P2P3
3.064936389,4.948152538,4.051524336,B6_P1P2P3
3.223836905,4.705628747,4.534627554,B6_P1P2P3
3.115978308,4.745558312,4.442535034,B6_P1P2P3
2.936266953,4.944000075,4.195943161,B6_P1P2P3
3.226696398,4.762005457,4.191496015,B6_P1P2P3
3.209424294,4.892105701,4.560674901,B6_P1P2P3
3.127439296,4.929977405,4.608386086,B6_P1P2P3
3.516096648,5.452405208,4.134411714,B6_P1P2P3
3.155734419,5.011251573,4.455771718,B6_P1P2P3
3.253169198,4.509199375,4.36952939,B6_P1P2P3
3.272137094,5.008865734,4.022977961,B6_P1P2P3
3.141647255,5.140889897,4.054265372,B6_P1P2P3
3.202274787,4.787436044,4.184504254,B6_P1P2P3
3.184081242,4.696445437,3.999627262,B6_P1P2P3
3.100978499,4.5501877,4.328884377,B6_P1P2P3
3.085115796,4.921869471,4.370461108,B6_P1P2P3
3.120408293,4.936203358,4.334718236,B6_P1P2P3
3.151585349,4.702567849,4.336984265,B6_P1P2P3
3.076386382,4.75863467,4.372965145,B6_P1P2P3
3.263871178,4.89842572,4.109841279,B6_P1P2P3
3.085681561,4.846582048,4.041104211,B6_P1P2P3
3.361724359,4.891609341,4.41094529,B6_P1P2P3
3.255715855,4.866465035,4.517604546,B6_P1P2P3
3.234069925,4.999913449,4.482280175,B6_P1P2P3
3.163630322,5.050636567,4.148473384,B6_P1P2P3
3.082641771,5.112237618,4.249867774,B6_P1P2P3
3.085919864,4.781714082,4.527608038,B6_P1P2P3
3.175017267,5.063846012,4.183252905,B6_P1P2P3
3.175442405,5.43155701,4.170244684,B6_P1P2P3
3.114564828,4.923452629,5.054895235,B6_P1P2P3
3.213209317,4.842289964,4.07357719,B6_P1P2P3
3.250367795,4.382533977,4.12397109,B6_P1P2P3
3.161007522,4.662543826,5.222150171,B6_P1P2P3
3.334485324,4.943924911,4.62589006,B6_P1P2P3
3.080874878,4.592803056,4.105025729,B6_P1P2P3
3.248489567,4.701783446,4.275592354,B6_P1P2P3
3.332664053,4.792201116,4.229372271,B6_P1P2P3
3.206904043,5.034830451,4.369393116,B6_P1P2P3
3.119295391,5.089264606,4.438408715,B6_P1P2P3
3.167825616,5.057881609,4.208466616,B6_P1P2P3
2.992260013,4.586859201,4.115908108,B6_P1P2P3
3.095980969,5.022148297,4.528664217,B6_P1P2P3
3.119930656,4.910883221,4.513765812,B6_P1P2P3
3.123780941,5.096090148,4.338418674,B6_P1P2P3
3.2754122,4.840512903,4.296756188,B6_P1P2P3
3.193878748,4.864839594,4.747877019,B6_P1P2P3
3.147751828,4.918314947,4.300946829,B6_P1P2P3
3.29320661,4.836154568,4.490924398,B6_P1P2P3
3.190959836,4.98531094,4.251916975,B6_P1P2P3
3.208572268,5.234716932,4.657947509,B6_P1P2P3
3.074403064,5.018309117,4.34097945,B6_P1P2P3
3.140079314,5.208027641,4.239782183,B6_P1P2P3
3.156161362,4.82667083,4.69208878,B6_P1P2P3
3.140661028,4.627427905,4.521030985,B6_P1P2P3
3.130352235,4.785825601,4.416305756,B6_P1P2P3
3.109829953,4.94648653,4.399715082,B6_P1P2P3
3.147916566,4.66541109,4.402523982,B6_P1P2P3
3.132568426,4.699690852,4.199771203,B6_P1P2P3
3.234134247,4.892400537,4.003063311,B6_P1P2P3
3.214113752,4.975069985,4.324978533,B6_P1P2P3
3.346864592,5.163520615,4.242841856,B6_P1P2P3
3.126033601,4.889299939,4.193562776,B6_P1P2P3
3.255233715,4.953484589,4.253239947,B6_P1P2P3
3.019806685,5.060592667,4.461119658,B6_P1P2P3
3.168317194,4.84749289,4.080397067,B6_P1P2P3
3.183756403,4.809968972,4.470372999,B6_P1P2P3
3.118261118,4.695974128,4.412055438,B6_P1P2P3
3.152275171,4.826939351,4.234839222,B6_P1P2P3
3.282157215,5.072666662,4.267402087,B6_P1P2P3
3.335717642,4.762174752,4.269931565,B6_P1P2P3
3.192943847,4.751157673,4.111203452,B6_P1P2P3
3.149966589,5.047259307,4.582419777,B6_P1P2P3
3.345545047,5.006178116,4.605064615,B6_P1P2P3
3.063878607,4.528818899,4.370097056,B6_P1P2P3
3.103186957,4.581536827,4.283950058,B6_P1P2P3
3.098573417,5.23539579,4.362014765,B6_P1P2P3
3.142668225,5.055980675,4.27038975,B6_P1P2P3
3.105964179,4.587413759,4.267496427,B6_P1P2P3
3.180945345,4.689583687,4.296902853,B6_P1P2P3
3.204355214,5.049663053,4.25260838,B6_P1P2P3
3.131583533,4.993359804,4.263302304,B6_P1P2P3
3.220586979,4.954285531,4.067271033,B6_P1P2P3
3.249706738,5.329551635,4.391960272,B6_P1P2P3
3.1828152,4.7774737,4.266101376,B6_P1P2P3
3.047048388,4.737530612,4.250743642,B6_P1P2P3
3.142332168,4.861824559,4.165262353,B6_P1P2P3
3.0952618,5.063299376,4.34372732,B6_P1P2P3
3.109665752,5.064679178,4.205939801,B6_P1P2P3
3.16346127,4.699785612,4.164106049,B6_P1P2P3
3.384426096,5.297844441,4.248285171,B6_P1P2P3
3.127938083,4.946062742,4.363514663,B6_P1P2P3
3.121132144,4.997670123,4.449258189,B6_P1P2P3
3.090149774,4.553158079,4.476300287,B6_P1P2P3
3.075627092,5.245538396,4.261830114,B6_P1P2P3
3.242002819,4.85886975,4.235867127,B6_P1P2P3
3.056061395,4.578319839,4.39204819,B6_P1P2P3
3.158509195,4.943289608,4.380399688,B6_P1P2P3
3.120973694,5.011413591,4.499057369,B6_P1P2P3
3.045445962,4.536314302,4.061659811,B6_P1P2P3
3.187921282,5.206991559,4.351798382,B6_P1P2P3
3.33419415,3.890392095,3.81986176,All_Faulty
3.374428113,3.967233729,4.007751428,All_Faulty
3.440725483,3.849182299,4.330552685,All_Faulty
3.556543035,4.164482648,3.968374274,All_Faulty
3.551221866,4.092111012,3.933721891,All_Faulty
3.545828687,4.026045667,4.203019419,All_Faulty
3.555106962,3.864118582,4.062469666,All_Faulty
3.676229752,4.163378652,3.825778639,All_Faulty
3.55478449,3.903032524,3.790411735,All_Faulty
3.534503994,4.181872662,4.100067464,All_Faulty
3.466190012,3.901382963,3.812631792,All_Faulty
3.46958759,4.132230839,3.686281807,All_Faulty
3.510001678,3.889394081,4.042674178,All_Faulty
3.61180925,4.266549533,4.249766834,All_Faulty
3.363101355,3.987890422,3.98479261,All_Faulty
3.417990334,4.15036895,4.175357827,All_Faulty
3.520253808,4.080364588,3.931001278,All_Faulty
3.341995051,4.643445402,3.708992469,All_Faulty
3.333505983,4.292049406,4.035832166,All_Faulty
3.410522264,4.338099105,3.913972519,All_Faulty
3.408965071,4.504622949,3.734435411,All_Faulty
3.608473723,4.526071899,4.023618877,All_Faulty
3.448729206,4.260251735,4.040963636,All_Faulty
3.551414992,4.313787643,3.937814277,All_Faulty
3.484352213,4.100806576,3.860076134,All_Faulty
3.378188993,4.140471083,4.206930072,All_Faulty
3.349309397,4.356160359,4.387862106,All_Faulty
3.475802258,4.233285287,3.904529556,All_Faulty
3.346618413,3.773784478,4.328638481,All_Faulty
3.455262854,4.016892245,3.91313203,All_Faulty
3.489618336,4.042596226,3.636134284,All_Faulty
3.497665253,3.971324486,4.068301283,All_Faulty
3.537119922,4.04592344,3.951449274,All_Faulty
3.461433443,4.078824641,3.848577707,All_Faulty
3.465756261,3.855215997,3.794792746,All_Faulty
3.572108926,4.25077444,4.126997815,All_Faulty
3.501117275,3.943201166,3.809457243,All_Faulty
3.548318349,4.463043943,4.029423881,All_Faulty
3.369187831,4.320259606,4.144143967,All_Faulty
3.314570371,4.091131207,3.898676275,All_Faulty
3.567578613,4.100705486,3.839839306,All_Faulty
3.334524347,4.45010781,4.159627399,All_Faulty
3.466096938,4.200951624,3.940026081,All_Faulty
3.300091984,4.211607753,3.645705715,All_Faulty
3.420516489,3.981760783,3.993652025,All_Faulty
3.331541974,4.0737996,4.105967837,All_Faulty
3.30352785,4.025141448,3.697876314,All_Faulty
3.403104975,3.90915227,3.853720403,All_Faulty
3.478170422,3.749483067,3.949625723,All_Faulty
3.406557571,4.141254695,3.879118036,All_Faulty
3.504938182,4.295847935,3.798916276,All_Faulty
3.501101552,4.098031792,3.817470036,All_Faulty
3.356067993,4.151544555,3.837363232,All_Faulty
3.346472776,4.289756393,3.773441131,All_Faulty
3.543420525,4.555402807,3.781624129,All_Faulty
3.364599392,4.406036918,3.869357337,All_Faulty
3.323199313,4.401687783,3.844408042,All_Faulty
3.537031824,4.358517598,3.904913017,All_Faulty
3.367368493,4.667688538,3.772999654,All_Faulty
3.408918246,4.573634639,3.984071477,All_Faulty
3.447030195,4.256185467,3.875252922,All_Faulty
3.563074864,4.353507723,4.010294687,All_Faulty
3.500816296,3.953405529,3.889153966,All_Faulty
3.671400903,4.00168119,3.724843837,All_Faulty
3.467938985,3.853371011,4.362044522,All_Faulty
3.545715443,3.970550643,3.895677246,All_Faulty
3.45741381,3.940656152,3.940254609,All_Faulty
3.563873612,4.04802568,3.957542624,All_Faulty
3.492549642,4.171481651,3.958299779,All_Faulty
3.707186022,4.496231322,4.0369919,All_Faulty
3.406192468,4.47105376,3.769876034,All_Faulty
3.586386326,4.008347198,3.977900198,All_Faulty
3.578422572,4.172453977,3.691720381,All_Faulty
3.378916402,3.907271055,3.78495007,All_Faulty
3.500920069,4.253303435,3.811123335,All_Faulty
3.425471732,4.176727127,3.829032726,All_Faulty
3.446209986,4.170333997,3.705846451,All_Faulty
3.477934082,4.162905636,3.589330266,All_Faulty
3.458013444,3.902828022,3.830302318,All_Faulty
3.417845507,3.861709943,4.058927302,All_Faulty
3.277958657,4.04898367,3.624999271,All_Faulty
3.470635235,3.945506452,3.91460362,All_Faulty
3.314536332,4.222447015,3.879208382,All_Faulty
3.596205104,4.319174482,3.818597869,All_Faulty
3.559081806,4.337652647,3.948500032,All_Faulty
3.638792778,4.563036898,3.726690291,All_Faulty
3.412109901,4.39790451,3.823931761,All_Faulty
3.57707234,4.395168317,3.767613701,All_Faulty
3.417359031,4.21542116,3.881272404,All_Faulty
3.447718404,3.991475123,3.838900185,All_Faulty
3.703187463,4.647746332,3.691354341,All_Faulty
3.484601077,4.483437902,4.248138071,All_Faulty
3.250633434,4.242250862,3.852966286,All_Faulty
3.511780521,3.841174641,3.609855247,All_Faulty
3.471150208,3.894562381,4.093482866,All_Faulty
3.561429118,3.898213693,3.91563175,All_Faulty
3.534290112,3.936107853,3.684040665,All_Faulty
3.617870796,4.249823757,3.828807999,All_Faulty
3.590645729,4.348252043,3.889814768,All_Faulty
3.826579648,3.976181109,3.761196388,All_Faulty
